Origin_airport,Destination_airport,Passengers,Seats,Distance,Destination_City,Origin_City
MHK,AMW,21,30,254,AMES,MANHATTAN
EUG,RDM,41,396,103,BEND,EUGENE
MFR,RDM,0,18,156,BEND,MEDFORD
SEA,RDM,8,18,228,BEND,SEATTLE
PDX,RDM,349,851,116,BEND,PORTLAND
LMT,RDM,139,396,147,BEND,KLAMATH FALLS
SFO,RDM,1413,2760,462,BEND,SAN FRANCISCO
LAX,RDM,1599,2992,726,BEND,LOS ANGELES
EAT,RDM,12,18,222,BEND,WENATCHEE
YKM,RDM,8,37,162,BEND,YAKIMA
EKO,RDM,113,119,362,BEND,ELKO
SLE,RDM,5,18,102,BEND,SALEM
GEG,RDM,2,18,291,BEND,SPOKANE
RDD,RDM,0,18,265,BEND,REDDING
LWS,RDM,12,18,249,BEND,LEWISTON
AST,RDM,6,18,187,BEND,ASTORIA
CLM,RDM,25,36,290,BEND,PORT ANGELES
PDT,RDM,2,18,151,BEND,PENDLETON
SJC,RDM,2347,2660,477,BEND,SAN JOSE
ACV,RDM,4,30,272,BEND,EUREKA
PUW,RDM,9,18,261,BEND,PULLMAN
SMF,RDM,14,69,384,BEND,SACRAMENTO
FLL,RDM,0,128,2601,BEND,FORT LAUDERDALE
PHX,RDM,80,120,893,BEND,PHOENIX
GGG,RDM,197,240,1643,BEND,LONGVIEW
GTF,RDM,0,120,522,BEND,GREAT FALLS
FAT,RDM,100,120,521,BEND,FRESNO
TUS,RDM,0,240,1003,BEND,TUCSON
MWH,RDM,62,120,222,BEND,MOSES LAKE
BIL,RDM,63,70,626,BEND,BILLINGS
DFW,RDM,0,50,1514,BEND,DALLAS
RBG,RDM,0,50,131,BEND,ROSEBURG
SLC,RDM,2340,3000,526,BEND,SALT LAKE CITY
CPR,RDM,38,120,742,BEND,CASPER
RDM,RDM,0,50,0,BEND,BEND
RNO,RDM,57,150,336,BEND,RENO
FBK,RDM,102,120,1750,BEND,FAIRBANKS
ANC,RDM,78,120,1658,BEND,ANCHORAGE
BIF,RDM,0,120,1172,BEND,EL PASO
CIC,RDM,0,30,310,BEND,CHICO
SAF,RDM,2,8,995,BEND,SANTA FE
ABQ,RDM,101,120,1000,BEND,ALBUQUERQUE
FSM,RDM,200,240,1544,BEND,FORT SMITH
LAS,RDM,819,1350,647,BEND,LAS VEGAS
ICT,RDM,100,120,1316,BEND,WICHITA
DLH,RDM,100,120,1408,BEND,DULUTH
CEC,RDM,0,30,231,BEND,CRESCENT CITY
OKC,RDM,100,120,1387,BEND,OKLAHOMA CITY
SAN,RDM,140,150,823,BEND,SAN DIEGO
STS,RDM,73,74,406,BEND,SANTA ROSA
DRO,RDM,0,50,856,BEND,DURANGO
OAK,RDM,68,70,454,BEND,OAKLAND
SJC,EKO,118,142,407,ELKO,SAN JOSE
YKM,EKO,118,119,462,ELKO,YAKIMA
IAH,EKO,112,119,1370,ELKO,HOUSTON
ELP,EKO,115,119,813,ELKO,EL PASO
DBQ,EKO,116,119,1299,ELKO,DUBUQUE
CPR,EKO,111,119,502,ELKO,CASPER
HLN,EKO,36,119,442,ELKO,HELENA
DFW,EKO,118,119,1170,ELKO,DALLAS
DLH,EKO,119,119,1245,ELKO,DULUTH
EUG,EKO,113,119,442,ELKO,EUGENE
FAT,EKO,116,119,350,ELKO,FRESNO
RDM,EKO,64,119,362,ELKO,BEND
TUL,EKO,118,119,1122,ELKO,TULSA
OMA,EKO,114,119,1037,ELKO,OMAHA
ACT,EKO,116,119,1212,ELKO,WACO
BTM,EKO,78,119,391,ELKO,BUTTE
AUS,EKO,107,119,1247,ELKO,AUSTIN
SLE,EKO,108,119,462,ELKO,SALEM
PIA,EKO,87,119,1365,ELKO,PEORIA
CWA,EKO,119,119,1350,ELKO,WAUSAU
TUS,EKO,49,119,658,ELKO,TUCSON
PUB,EKO,92,119,627,ELKO,PUEBLO
FOE,EKO,117,119,1075,ELKO,TOPEKA
COS,EKO,44,119,605,ELKO,COLORADO SPRINGS
OKC,EKO,236,238,1057,ELKO,OKLAHOMA CITY
CLM,EKO,118,119,631,ELKO,PORT ANGELES
GJT,EKO,76,119,404,ELKO,GRAND JUNCTION
SLC,EKO,109,119,200,ELKO,SALT LAKE CITY
LBF,EKO,77,119,789,ELKO,NORTH PLATTE
SPS,EKO,98,119,1059,ELKO,WICHITA FALLS
GEG,EKO,64,119,477,ELKO,SPOKANE
SEA,EKO,607,714,560,ELKO,SEATTLE
CYS,EKO,102,119,574,ELKO,CHEYENNE
ABR,EKO,70,119,932,ELKO,ABERDEEN
BRD,EKO,89,119,1148,ELKO,BRAINERD
AMA,EKO,110,119,858,ELKO,AMARILLO
BIL,EKO,42,119,501,ELKO,BILLINGS
ICT,EKO,117,119,1007,ELKO,WICHITA
ROW,EKO,45,119,809,ELKO,ROSWELL
BIS,EKO,119,119,855,ELKO,BISMARCK
MSO,EKO,90,119,429,ELKO,MISSOULA
GCC,EKO,57,119,577,ELKO,GILLETTE
LBB,EKO,65,119,913,ELKO,LUBBOCK
LBL,EKO,72,119,839,ELKO,LIBERAL
MAF,EKO,104,119,972,ELKO,MIDLAND
MSN,EKO,116,119,1366,ELKO,MADISON
LNK,EKO,119,119,995,ELKO,LINCOLN
MFR,EKO,62,119,382,ELKO,MEDFORD
PDX,EKO,162,238,475,ELKO,PORTLAND
ALO,EKO,119,119,1212,ELKO,WATERLOO
RFD,EKO,119,119,1382,ELKO,ROCKFORD
GRB,EKO,119,119,1425,ELKO,GREEN BAY
LSE,EKO,119,119,1269,ELKO,LA CROSSE
FCA,EKO,108,119,523,ELKO,KALISPELL
MKE,EKO,119,119,1439,ELKO,MILWAUKEE
BLI,EKO,94,119,642,ELKO,BELLINGHAM
FOD,EKO,80,119,1121,ELKO,FORT DODGE
DSM,EKO,104,119,1152,ELKO,DES MOINES
EAU,EKO,119,119,1260,ELKO,EAU CLAIRE
MCW,EKO,119,119,1164,ELKO,MASON CITY
RAP,EKO,111,119,687,ELKO,RAPID CITY
LIT,EKO,94,119,1351,ELKO,LITTLE ROCK
SHV,EKO,118,119,1345,ELKO,SHREVEPORT
MCI,EKO,118,119,1119,ELKO,KANSAS CITY
ABQ,EKO,101,119,640,ELKO,ALBUQUERQUE
GFK,EKO,83,119,1041,ELKO,GRAND FORKS
GTF,EKO,101,119,510,ELKO,GREAT FALLS
BFL,EKO,97,119,412,ELKO,BAKERSFIELD
SAT,EKO,99,119,1248,ELKO,SAN ANTONIO
MSP,EKO,101,119,1176,ELKO,MINNEAPOLIS
SGF,EKO,113,119,1227,ELKO,SPRINGFIELD
BFF,EKO,199,238,637,ELKO,SCOTTSBLUFF
FSD,EKO,119,119,994,ELKO,SIOUX FALLS
GRI,EKO,77,119,914,ELKO,GRAND ISLAND
CID,EKO,119,119,1250,ELKO,CEDAR RAPIDS
FYV,EKO,97,124,1216,ELKO,FAYETTEVILLE
SUX,EKO,93,119,1009,ELKO,SIOUX CITY
GCK,EKO,93,124,830,ELKO,GARDEN CITY
BTR,EKO,42,124,1550,ELKO,BATON ROUGE
IDA,EKO,124,124,267,ELKO,IDAHO FALLS
SBA,EKO,57,124,494,ELKO,SANTA BARBARA
CRP,EKO,88,124,1375,ELKO,CORPUS CHRISTI
DEC,EKO,69,124,1418,ELKO,DECATUR
ORD,EKO,177,238,1445,ELKO,CHICAGO
BZN,EKO,115,119,414,ELKO,BOZEMAN
PIR,EKO,91,119,826,ELKO,PIERRE
MLU,EKO,64,119,1433,ELKO,MONROE
YUM,EKO,56,124,567,ELKO,YUMA
MOT,EKO,64,119,879,ELKO,MINOT
GYY,EKO,65,124,1473,ELKO,GARY
FAR,EKO,118,119,1033,ELKO,FARGO
RST,EKO,119,119,1207,ELKO,ROCHESTER
STL,EKO,124,124,1356,ELKO,ST. LOUIS
SAN,EKO,101,119,563,ELKO,SAN DIEGO
BNA,EKO,82,124,1603,ELKO,NASHVILLE
EVV,EKO,104,124,1517,ELKO,EVANSVILLE
FSM,EKO,117,119,1224,ELKO,FORT SMITH
MWH,EKO,64,64,474,ELKO,MOSES LAKE
MEM,EKO,153,248,1459,ELKO,MEMPHIS
PHX,EKO,164,248,550,ELKO,PHOENIX
JAN,EKO,105,124,1539,ELKO,JACKSON
MOD,EKO,115,124,354,ELKO,MODESTO
OAK,EKO,49,124,405,ELKO,OAKLAND
RDD,EKO,108,124,342,ELKO,REDDING
LWS,EKO,65,65,388,ELKO,LEWISTON
CMI,EKO,70,124,1446,ELKO,CHAMPAIGN
SCK,EKO,88,119,355,ELKO,STOCKTON
IND,EKO,111,124,1554,ELKO,INDIANAPOLIS
BMI,EKO,120,124,1406,ELKO,BLOOMINGTON
TWF,EKO,124,124,133,ELKO,TWIN FALLS
GGG,EKO,106,124,1303,ELKO,LONGVIEW
RNO,EKO,117,124,230,ELKO,RENO
LRD,EKO,121,124,1304,ELKO,LAREDO
ACV,EKO,65,124,435,ELKO,EUREKA
CAK,EKO,73,124,1788,ELKO,AKRON
MTJ,EKO,124,124,450,ELKO,MONTROSE
CLE,EKO,86,124,1760,ELKO,CLEVELAND
CLL,EKO,92,124,1296,ELKO,COLLEGE STATION
DTW,EKO,62,124,1675,ELKO,DETROIT
ABI,EKO,122,124,1064,ELKO,ABILENE
DAY,EKO,108,124,1658,ELKO,DAYTON
EKO,EKO,116,124,0,ELKO,ELKO
CVG,EKO,118,248,1649,ELKO,CINCINNATI
CMH,EKO,87,124,1727,ELKO,COLUMBUS
SBN,EKO,146,248,1528,ELKO,SOUTH BEND
FWA,EKO,103,124,1594,ELKO,FORT WAYNE
AZO,EKO,90,124,1563,ELKO,KALAMAZOO
RKS,EKO,95,122,354,ELKO,ROCK SPRINGS
LAS,EKO,83,244,329,ELKO,LAS VEGAS
BPT,EKO,115,122,1433,ELKO,BEAUMONT
PIH,EKO,68,122,219,ELKO,POCATELLO
SLN,EKO,115,122,973,ELKO,SALINA
UIN,EKO,117,122,1295,ELKO,QUINCY
LAW,EKO,121,122,1043,ELKO,LAWTON
TOL,EKO,116,122,1658,ELKO,TOLEDO
RIW,EKO,116,122,408,ELKO,RIVERTON
BRO,EKO,93,122,1472,ELKO,BROWNSVILLE
SJT,EKO,106,122,1074,ELKO,SAN ANGELO
PRB,EKO,55,122,442,ELKO,SAN LUIS OBISPO
SFO,EKO,96,244,417,ELKO,SAN FRANCISCO
PUW,EKO,83,122,414,ELKO,PULLMAN
SHR,EKO,106,122,524,ELKO,SHERIDAN
MCE,EKO,0,120,352,ELKO,MERCED
GRK,EKO,114,122,1207,ELKO,KILLEEN
LAX,EKO,0,120,496,ELKO,LOS ANGELES
CDC,EKO,0,50,259,ELKO,CEDAR CITY
PNC,WDG,103,931,45,ENID,PONCA CITY
DFW,WDG,239,779,244,ENID,DALLAS
HRO,WDG,0,19,259,ENID,HARRISON
WDG,WDG,0,19,0,ENID,ENID
RCA,END,219,240,604,ENID,RAPID CITY
BWD,WDG,0,19,323,ENID,BROWNWOOD
LBL,WDG,126,912,182,ENID,LIBERAL
DDC,WDG,9,19,153,ENID,DODGE CITY
PIT,ERI,3510,6804,109,ERIE,PITTSBURGH
CVG,ERI,31,108,316,ERIE,CINCINNATI
ORH,ERI,23,108,426,ERIE,WORCESTER
ITH,ERI,640,2420,193,ERIE,ITHACA
ELM,ERI,77,108,169,ERIE,ELMIRA
BOS,ERI,95,128,471,ERIE,BOSTON
ATL,ERI,36,108,626,ERIE,ATLANTA
ORD,ERI,29,108,398,ERIE,CHICAGO
PHL,ERI,102,108,300,ERIE,PHILADELPHIA
LAS,ERI,79,128,1912,ERIE,LAS VEGAS
GSO,ERI,32,63,413,ERIE,GREENSBORO
MKE,ERI,95,108,399,ERIE,MILWAUKEE
FNT,ERI,82,103,192,ERIE,FLINT
CLE,ERI,48,110,98,ERIE,CLEVELAND
BUF,ERI,40,103,95,ERIE,BUFFALO
EWR,ERI,2,128,326,ERIE,NEWARK
BGR,ERI,24,98,601,ERIE,BANGOR
CLT,ERI,53,98,475,ERIE,CHARLOTTE
JFK,ERI,82,101,347,ERIE,NEW YORK
SYR,ERI,23,30,220,ERIE,SYRACUSE
RIC,ERI,0,98,350,ERIE,RICHMOND
GRR,ERI,57,98,279,ERIE,GRAND RAPIDS
MSP,ERI,101,101,683,ERIE,MINNEAPOLIS
SBN,ERI,71,100,318,ERIE,SOUTH BEND
DTW,ERI,697,1564,163,ERIE,DETROIT
ABE,ERI,64,101,265,ERIE,ALLENTOWN
PVD,ERI,101,115,452,ERIE,PROVIDENCE
LEX,ERI,7,34,364,ERIE,LEXINGTON
BNA,ERI,100,100,539,ERIE,NASHVILLE
BHM,ERI,80,97,688,ERIE,BIRMINGHAM
ACY,ERI,104,115,345,ERIE,ATLANTIC CITY
MEM,ERI,87,115,718,ERIE,MEMPHIS
MCO,ERI,112,126,943,ERIE,ORLANDO
PHX,ERI,111,126,1830,ERIE,PHOENIX
CMH,ERI,0,115,202,ERIE,COLUMBUS
YNG,ERI,0,50,62,ERIE,YOUNGSTOWN
IND,ERI,0,115,358,ERIE,INDIANAPOLIS
PWM,ERI,47,100,513,ERIE,PORTLAND
MDT,ERI,29,30,221,ERIE,HARRISBURG
BGM,ERI,85,100,216,ERIE,BINGHAMTON
IAD,ERI,10,19,260,ERIE,WASHINGTON
ALB,ERI,29,30,329,ERIE,ALBANY
MSY,ERI,97,97,1005,ERIE,NEW ORLEANS
ROC,ERI,37,46,147,ERIE,ROCHESTER
CAK,ERI,20,34,104,ERIE,AKRON
AVP,ERI,4,19,236,ERIE,SCRANTON
AZO,ERI,11,19,276,ERIE,KALAMAZOO
ROA,ERI,35,100,328,ERIE,ROANOKE
RDU,ERI,39,97,435,ERIE,RALEIGH
CID,ERI,9,50,593,ERIE,CEDAR RAPIDS
GSP,ERI,0,50,507,ERIE,GREENVILLE
BTV,ERI,31,50,391,ERIE,BURLINGTON
CRW,ERI,10,97,266,ERIE,CHARLESTON
MSN,ERI,32,100,472,ERIE,MADISON
STL,ERI,13,50,584,ERIE,ST. LOUIS
CHA,ERI,31,122,557,ERIE,CHATTANOOGA
SCE,ERI,13,37,148,ERIE,STATE COLLEGE
CHO,ERI,3,37,287,ERIE,CHARLOTTESVILLE
FLL,ERI,41,50,1103,ERIE,FORT LAUDERDALE
LAN,ERI,3,32,231,ERIE,LANSING
BDL,ERI,24,37,386,ERIE,HARTFORD
CAE,ERI,44,122,564,ERIE,COLUMBIA
TOL,ERI,24,30,190,ERIE,TOLEDO
JHW,ERI,0,50,48,ERIE,JAMESTOWN
FWA,ERI,28,44,271,ERIE,FORT WAYNE
MHT,ERI,47,50,450,ERIE,MANCHESTER
ILM,ERI,0,122,553,ERIE,WILMINGTON
DAY,ERI,41,59,259,ERIE,DAYTON
IAH,ERI,39,50,1187,ERIE,HOUSTON
FLO,ERI,0,50,545,ERIE,FLORENCE
RNO,ERI,139,150,2065,ERIE,RENO
DFW,ERI,50,50,1119,ERIE,DALLAS
ISO,ERI,0,130,486,ERIE,KINSTON
GRB,ERI,0,122,434,ERIE,GREEN BAY
BWI,ERI,23,50,272,ERIE,BALTIMORE
DLH,ERI,44,173,678,ERIE,DULUTH
ERI,ERI,104,112,0,ERIE,ERIE
TYS,ERI,0,50,479,ERIE,KNOXVILLE
SLC,GYY,98,124,1277,GARY,SALT LAKE CITY
EKO,GYY,67,124,1473,GARY,ELKO
BFF,GYY,122,124,836,GARY,SCOTTSBLUFF
GRI,GYY,119,124,568,GARY,GRAND ISLAND
YIP,GYY,0,50,205,GARY,DETROIT
CMI,GYY,0,361,118,GARY,CHAMPAIGN
OMA,GYY,118,124,440,GARY,OMAHA
LRD,GYY,0,50,1186,GARY,LAREDO
MDW,GYY,109,124,21,GARY,CHICAGO
ATL,GYY,0,50,574,GARY,ATLANTA
LBF,GYY,118,124,691,GARY,NORTH PLATTE
RAP,GYY,87,124,811,GARY,RAPID CITY
GJT,GYY,122,124,1124,GARY,GRAND JUNCTION
MCI,GYY,0,50,417,GARY,KANSAS CITY
ELP,GYY,0,50,1247,GARY,EL PASO
SFB,GYY,716,4339,951,GARY,ORLANDO
PUB,GYY,115,124,934,GARY,PUEBLO
TOL,GYY,0,50,187,GARY,TOLEDO
GYY,GYY,16,149,0,GARY,GARY
CAK,GYY,65,122,315,GARY,AKRON
DAY,GYY,0,50,205,GARY,DAYTON
LIT,GYY,0,50,542,GARY,LITTLE ROCK
SBN,GYY,0,50,57,GARY,SOUTH BEND
MSP,GYY,0,50,369,GARY,MINNEAPOLIS
PIT,GYY,141,1341,383,GARY,PITTSBURGH
LEX,GYY,0,50,289,GARY,LEXINGTON
PHL,GYY,0,50,649,GARY,PHILADELPHIA
ABE,GYY,293,2682,628,GARY,ALLENTOWN
MEM,GYY,0,50,474,GARY,MEMPHIS
ICT,GYY,0,50,600,GARY,WICHITA
IAD,GYY,23,216,557,GARY,WASHINGTON
BUF,GYY,0,50,454,GARY,BUFFALO
RFD,GYY,47,124,95,GARY,ROCKFORD
HSV,GYY,0,50,482,GARY,HUNTSVILLE
DSM,GYY,74,124,323,GARY,DES MOINES
BWG,GYY,0,50,326,GARY,BOWLING GREEN
TUL,GYY,0,50,590,GARY,TULSA
EWR,GYY,0,50,693,GARY,NEWARK
ADS,GYY,0,50,790,GARY,DALLAS
IND,GYY,0,50,143,GARY,INDIANAPOLIS
MKE,GYY,0,50,95,GARY,MILWAUKEE
GRK,GYY,0,50,930,GARY,KILLEEN
LOZ,GYY,0,50,360,GARY,LONDON
FWA,GYY,0,50,124,GARY,FORT WAYNE
SUS,GYY,0,50,266,GARY,ST. LOUIS
EVV,GYY,6,122,247,GARY,EVANSVILLE
ILM,GYY,18,122,725,GARY,WILMINGTON
WGO,GYY,0,50,518,GARY,WINCHESTER
FSD,GYY,0,50,494,GARY,SIOUX FALLS
CLT,GYY,0,50,564,GARY,CHARLOTTE
BWI,GYY,0,132,591,GARY,BALTIMORE
CLE,GYY,0,50,289,GARY,CLEVELAND
GSB,GYY,0,50,670,GARY,GOLDSBORO
MYR,GYY,260,792,718,GARY,MYRTLE BEACH
PHX,GYY,0,50,1457,GARY,PHOENIX
CAE,GYY,0,50,631,GARY,COLUMBIA
RDU,GYY,0,50,611,GARY,RALEIGH
MBS,GYY,0,50,215,GARY,SAGINAW
CLU,GYY,0,50,181,GARY,COLUMBUS
SYI,GYY,0,50,421,GARY,SHELBYVILLE
LAX,GYY,0,50,1766,GARY,LOS ANGELES
TLH,GYY,56,110,792,GARY,TALLAHASSEE
BMG,GYY,0,50,176,GARY,BLOOMINGTON
SHV,GYY,0,50,724,GARY,SHREVEPORT
MNN,GYY,0,50,237,GARY,MARION
RNO,GYY,121,130,1699,GARY,RENO
ALB,GYY,115,138,702,GARY,ALBANY
CRW,GYY,0,50,381,GARY,CHARLESTON
LUK,GYY,0,50,235,GARY,CINCINNATI
GSP,GYY,0,50,543,GARY,GREENVILLE
MGM,GYY,0,50,645,GARY,MONTGOMERY
MFD,GYY,0,50,261,GARY,MANSFIELD
LAS,GYY,149,398,1537,GARY,LAS VEGAS
PNS,GYY,0,50,769,GARY,PENSACOLA
ASN,GYY,0,50,560,GARY,TALLADEGA
GSO,GYY,0,50,554,GARY,GREENSBORO
ACY,GYY,27,150,691,GARY,ATLANTIC CITY
TVC,GYY,0,50,234,GARY,TRAVERSE CITY
KY5,GYY,0,50,294,GARY,MADISONVILLE
MIA,GYY,100,120,1164,GARY,MIAMI
GPT,GYY,0,148,779,GARY,GULFPORT
BDL,GYY,0,50,760,GARY,HARTFORD
YNG,GYY,0,50,351,GARY,YOUNGSTOWN
TCL,GYY,41,74,579,GARY,TUSCALOOSA
LGA,GYY,115,120,707,GARY,NEW YORK
BNA,GYY,0,50,381,GARY,NASHVILLE
DRT,GYY,0,50,1138,GARY,DEL RIO
FLL,GYY,53,522,1149,GARY,FORT LAUDERDALE
FNT,GYY,0,50,210,GARY,FLINT
AEX,GYY,0,247,765,GARY,ALEXANDRIA
BRO,GYY,0,50,1225,GARY,BROWNSVILLE
HUF,GYY,0,120,149,GARY,TERRE HAUTE
SAT,GYY,0,50,1038,GARY,SAN ANTONIO
RWI,GYY,0,50,650,GARY,ROCKY MOUNT
SPS,GYY,0,50,801,GARY,WICHITA FALLS
OKC,GYY,0,50,699,GARY,OKLAHOMA CITY
LAN,GYY,0,120,166,GARY,LANSING
TPA,GYY,0,50,980,GARY,TAMPA
MDT,GYY,0,50,566,GARY,HARRISBURG
SNA,GYY,135,182,1747,GARY,SANTA ANA
PWM,GYY,0,120,882,GARY,PORTLAND
TYS,GYY,0,50,441,GARY,KNOXVILLE
BOS,GYY,170,182,845,GARY,BOSTON
SLN,GYY,0,50,575,GARY,SALINA
IAH,GYY,0,50,916,GARY,HOUSTON
GBD,HYS,29,323,41,HAYS,GREAT BEND
DDC,HYS,2,19,84,HAYS,DODGE CITY
ICT,HYS,0,19,130,HAYS,WICHITA
FAI,HYS,0,5,2638,HAYS,FAIRBANKS
GCK,HYS,3,19,101,HAYS,GARDEN CITY
MCI,HYS,0,19,247,HAYS,KANSAS CITY
SLN,HYS,0,19,88,HAYS,SALINA
FOE,HYS,0,19,195,HAYS,TOPEKA
LBL,HYS,2,19,155,HAYS,LIBERAL
MHK,HYS,4,19,142,HAYS,MANHATTAN
EAR,HYS,0,19,131,HAYS,KEARNEY
BRL,HYS,3,19,454,HAYS,BURLINGTON
PUB,HYS,7,19,285,HAYS,PUEBLO
JLN,HYS,0,19,286,HAYS,JOPLIN
TBN,HYS,0,19,395,HAYS,FORT LEONARD WOOD
HNL,ITO,4346,8670,216,HILO,HONOLULU
OGG,ITO,2341,4116,121,HILO,KAHULUI
LAX,ITO,0,50,2449,HILO,LOS ANGELES
OAK,ITO,0,50,2329,HILO,OAKLAND
STL,ITO,349,433,4036,HILO,ST. LOUIS
SFO,ITO,0,50,2318,HILO,SAN FRANCISCO
PHX,ITO,196,216,2804,HILO,PHOENIX
SNA,ITO,114,124,2475,HILO,SANTA ANA
LAS,ITO,96,124,2664,HILO,LAS VEGAS
CLE,AOH,0,50,124,LIMA,CLEVELAND
YIP,AOH,0,50,109,LIMA,DETROIT
LIT,AOH,0,50,609,LIMA,LITTLE ROCK
LRD,AOH,0,50,1263,LIMA,LAREDO
ELP,AOH,0,50,1385,LIMA,EL PASO
OKC,AOH,0,50,825,LIMA,OKLAHOMA CITY
ICT,AOH,0,50,749,LIMA,WICHITA
ROA,AOH,0,50,319,LIMA,ROANOKE
BNA,AOH,0,50,347,LIMA,NASHVILLE
PHX,APC,8,8,663,NAPA,PHOENIX
SLC,APC,2,13,579,NAPA,SALT LAKE CITY
SAN,APC,4,8,474,NAPA,SAN DIEGO
DCA,APC,9,13,2426,NAPA,WASHINGTON
RST,APC,2,8,1595,NAPA,ROCHESTER
YIP,GUS,0,19,175,PERU,DETROIT
SUS,GUS,14,19,276,PERU,ST. LOUIS
ORD,RNO,5635,11640,1671,RENO,CHICAGO
ATL,RNO,166,374,1993,RENO,ATLANTA
DTW,RNO,128,128,1903,RENO,DETROIT
PIT,RNO,111,128,2081,RENO,PITTSBURGH
SMF,RNO,44,142,113,RENO,SACRAMENTO
SNA,RNO,93,135,415,RENO,SANTA ANA
LAX,RNO,1780,2430,390,RENO,LOS ANGELES
ABQ,RNO,54,150,787,RENO,ALBUQUERQUE
MSP,RNO,3622,4526,1406,RENO,MINNEAPOLIS
SJC,RNO,1800,6390,188,RENO,SAN JOSE
PDX,RNO,1555,3712,444,RENO,PORTLAND
CLT,RNO,112,128,2141,RENO,CHARLOTTE
LAS,RNO,15221,28862,345,RENO,LAS VEGAS
PHX,RNO,6507,12249,601,RENO,PHOENIX
OAK,RNO,188,189,180,RENO,OAKLAND
SEA,RNO,320,488,564,RENO,SEATTLE
DFW,RNO,2864,4260,1345,RENO,DALLAS
ACV,RNO,0,90,251,RENO,EUREKA
FAT,RNO,1587,3968,188,RENO,FRESNO
EWR,RNO,163,272,2390,RENO,NEWARK
TUS,RNO,17,118,709,RENO,TUCSON
SFO,RNO,5572,15104,192,RENO,SAN FRANCISCO
SLC,RNO,3310,3968,422,RENO,SALT LAKE CITY
LMT,RNO,94,128,211,RENO,KLAMATH FALLS
SAN,RNO,1631,3840,488,RENO,SAN DIEGO
GEG,RNO,62,70,572,RENO,SPOKANE
PHL,RNO,68,128,2348,RENO,PHILADELPHIA
EUG,RNO,2971,4420,365,RENO,EUGENE
CYS,RNO,117,124,797,RENO,CHEYENNE
OGG,RNO,245,287,2515,RENO,KAHULUI
IAH,RNO,2367,3900,1530,RENO,HOUSTON
RAP,RNO,98,100,917,RENO,RAPID CITY
MCI,RNO,180,280,1336,RENO,KANSAS CITY
JFK,RNO,43,100,2411,RENO,NEW YORK
RNO,RNO,61,140,0,RENO,RENO
STL,RNO,4673,7964,1574,RENO,ST. LOUIS
EKO,RNO,72,124,230,RENO,ELKO
HNL,RNO,190,298,2572,RENO,HONOLULU
YKM,RNO,144,200,490,RENO,YAKIMA
ANC,RNO,153,300,1973,RENO,ANCHORAGE
COS,RNO,5996,8120,809,RENO,COLORADO SPRINGS
LNK,RNO,126,132,1218,RENO,LINCOLN
CMH,RNO,4,149,1951,RENO,COLUMBUS
FSD,RNO,146,149,1222,RENO,SIOUX FALLS
OMA,RNO,125,149,1262,RENO,OMAHA
SAT,RNO,6,150,1391,RENO,SAN ANTONIO
IAD,RNO,188,206,2249,RENO,WASHINGTON
CVG,RNO,128,130,1870,RENO,CINCINNATI
AUS,RNO,122,133,1399,RENO,AUSTIN
BGR,RNO,124,362,2599,RENO,BANGOR
NFL,RNO,90,149,57,RENO,FALLON
AMA,RNO,129,150,1034,RENO,AMARILLO
ELP,RNO,137,137,920,RENO,EL PASO
BLI,RNO,721,726,656,RENO,BELLINGHAM
MIA,RNO,68,188,2464,RENO,MIAMI
LBB,RNO,128,128,1074,RENO,LUBBOCK
MFR,RNO,41,120,256,RENO,MEDFORD
ICT,RNO,113,128,1213,RENO,WICHITA
BIL,RNO,0,50,718,RENO,BILLINGS
PUB,RNO,0,50,826,RENO,PUEBLO
BHM,RNO,97,130,1871,RENO,BIRMINGHAM
MHT,RNO,0,50,2495,RENO,MANCHESTER
BNA,RNO,82,130,1815,RENO,NASHVILLE
BOS,RNO,103,168,2524,RENO,BOSTON
MLU,RNO,100,130,1619,RENO,MONROE
TUL,RNO,0,50,1322,RENO,TULSA
ACT,RNO,120,139,1376,RENO,WACO
MEM,RNO,0,50,1662,RENO,MEMPHIS
CRP,RNO,102,173,1510,RENO,CORPUS CHRISTI
BFF,RNO,0,50,864,RENO,SCOTTSBLUFF
IND,RNO,0,50,1776,RENO,INDIANAPOLIS
CHA,RNO,98,130,1918,RENO,CHATTANOOGA
SHV,RNO,118,130,1527,RENO,SHREVEPORT
SJT,RNO,87,130,1220,RENO,SAN ANGELO
BFL,RNO,121,130,283,RENO,BAKERSFIELD
GTF,RNO,0,50,694,RENO,GREAT FALLS
LIT,RNO,122,130,1550,RENO,LITTLE ROCK
SBN,RNO,121,130,1755,RENO,SOUTH BEND
SGF,RNO,122,130,1436,RENO,SPRINGFIELD
GRI,RNO,0,50,1137,RENO,GRAND ISLAND
CLE,RNO,0,50,1987,RENO,CLEVELAND
SCK,RNO,230,390,136,RENO,STOCKTON
AVP,RNO,116,130,2301,RENO,SCRANTON
LFT,RNO,169,173,1695,RENO,LAFAYETTE
MKE,RNO,130,161,1667,RENO,MILWAUKEE
FWA,RNO,0,50,1819,RENO,FORT WAYNE
DSM,RNO,120,260,1377,RENO,DES MOINES
EVV,RNO,126,130,1734,RENO,EVANSVILLE
FOE,RNO,46,54,1290,RENO,TOPEKA
DAY,RNO,128,130,1882,RENO,DAYTON
YUM,RNO,0,50,553,RENO,YUMA
RDM,RNO,32,148,336,RENO,BEND
OKC,RNO,121,130,1248,RENO,OKLAHOMA CITY
SPS,RNO,106,122,1237,RENO,WICHITA FALLS
SBA,RNO,118,130,350,RENO,SANTA BARBARA
GJT,RNO,0,50,603,RENO,GRAND JUNCTION
JAN,RNO,119,130,1729,RENO,JACKSON
LBL,RNO,130,130,1035,RENO,LIBERAL
MSN,RNO,130,130,1594,RENO,MADISON
BPT,RNO,114,130,1599,RENO,BEAUMONT
ABI,RNO,124,130,1224,RENO,ABILENE
GRR,RNO,128,165,1788,RENO,GRAND RAPIDS
BTR,RNO,117,130,1728,RENO,BATON ROUGE
MSY,RNO,124,130,1793,RENO,NEW ORLEANS
TYS,RNO,113,130,1965,RENO,KNOXVILLE
BWI,RNO,93,137,2286,RENO,BALTIMORE
RIC,RNO,65,130,2283,RENO,RICHMOND
MAF,RNO,101,130,1114,RENO,MIDLAND
GYY,RNO,122,164,1699,RENO,GARY
TOL,RNO,0,50,1885,RENO,TOLEDO
CID,RNO,0,50,1476,RENO,CEDAR RAPIDS
SUX,RNO,63,150,1236,RENO,SIOUX CITY
LRD,RNO,78,130,1424,RENO,LAREDO
HLN,RNO,118,130,629,RENO,HELENA
TPA,RNO,80,150,2267,RENO,TAMPA
FAR,RNO,114,130,1261,RENO,FARGO
CWA,RNO,133,150,1579,RENO,WAUSAU
PIA,RNO,94,130,1589,RENO,PEORIA
RFD,RNO,150,150,1609,RENO,ROCKFORD
FCA,RNO,128,130,668,RENO,KALISPELL
KTN,RNO,40,144,1227,RENO,KETCHIKAN
RDD,RNO,64,150,151,RENO,REDDING
PUW,RNO,126,248,518,RENO,PULLMAN
LWS,RNO,122,150,495,RENO,LEWISTON
LCH,RNO,127,150,1633,RENO,LAKE CHARLES
ILN,RNO,0,50,1906,RENO,WILMINGTON
GRB,RNO,150,150,1654,RENO,GREEN BAY
MOB,RNO,118,150,1875,RENO,MOBILE
CAK,RNO,124,150,2014,RENO,AKRON
CAE,RNO,146,150,2162,RENO,COLUMBIA
RDU,RNO,126,150,2241,RENO,RALEIGH
GRK,RNO,143,150,1365,RENO,KILLEEN
GPT,RNO,132,150,1841,RENO,GULFPORT
MGM,RNO,133,150,1925,RENO,MONTGOMERY
FSM,RNO,94,120,1421,RENO,FORT SMITH
HSV,RNO,157,183,1843,RENO,HUNTSVILLE
CMI,RNO,94,150,1668,RENO,CHAMPAIGN
MOD,RNO,13,30,144,RENO,MODESTO
MCO,RNO,0,173,2315,RENO,ORLANDO
LGU,RNO,113,136,445,RENO,LOGAN
XNA,RNO,86,150,1404,RENO,FAYETTEVILLE
GCK,RNO,150,150,1033,RENO,GARDEN CITY
LRU,RNO,118,150,874,RENO,LAS CRUCES
RIV,RNO,0,50,412,RENO,RIVERSIDE
PNS,RNO,125,150,1938,RENO,PENSACOLA
CHS,RNO,106,150,2248,RENO,CHARLESTON
YIP,RMG,0,50,551,ROME,DETROIT
ATL,RMG,47,50,65,ROME,ATLANTA
LUK,RMG,0,50,330,ROME,CINCINNATI
ABQ,TSM,237,594,111,TAOS,ALBUQUERQUE
AUS,ACT,71,146,95,WACO,AUSTIN
MAF,ACT,133,142,294,WACO,MIDLAND
SLC,ACT,116,119,1036,WACO,SALT LAKE CITY
MEM,ACT,93,98,482,WACO,MEMPHIS
DFW,ACT,189,334,89,WACO,DALLAS
ANC,CNW,0,50,3114,WACO,ANCHORAGE
ABQ,ACT,118,119,591,WACO,ALBUQUERQUE
SJT,ACT,4,15,194,WACO,SAN ANGELO
FYV,ACT,17,34,350,WACO,FAYETTEVILLE
EKO,ACT,228,248,1212,WACO,ELKO
LCH,ACT,6,30,259,WACO,LAKE CHARLES
CLL,ACT,13,19,87,WACO,COLLEGE STATION
ILE,ACT,8,19,45,WACO,KILLEEN
BPT,ACT,9,34,222,WACO,BEAUMONT
GGG,ACT,17,30,157,WACO,LONGVIEW
LFT,ACT,28,30,326,WACO,LAFAYETTE
ABI,ACT,16,19,154,WACO,ABILENE
FSM,ACT,23,34,305,WACO,FORT SMITH
ESF,ACT,21,60,291,WACO,ALEXANDRIA
LIT,ACT,18,64,360,WACO,LITTLE ROCK
SHV,ACT,34,34,208,WACO,SHREVEPORT
TPA,ACT,107,150,917,WACO,TAMPA
TYR,ACT,31,34,119,WACO,TYLER
TUL,ACT,68,132,325,WACO,TULSA
MLU,ACT,9,34,311,WACO,MONROE
LAW,ACT,12,15,215,WACO,LAWTON
LRD,ACT,19,34,311,WACO,LAREDO
JAN,ACT,28,34,423,WACO,JACKSON
ICT,ACT,31,64,416,WACO,WICHITA
RIC,ACT,29,139,1203,WACO,RICHMOND
BTR,ACT,15,46,368,WACO,BATON ROUGE
OKC,ACT,46,64,262,WACO,OKLAHOMA CITY
CRP,ACT,19,30,265,WACO,CORPUS CHRISTI
FLL,ACT,2543,2640,1102,WACO,FORT LAUDERDALE
LBB,ACT,41,64,303,WACO,LUBBOCK
ATL,ACT,80,136,759,WACO,ATLANTA
IAH,ACT,80,270,159,WACO,HOUSTON
SAT,ACT,41,46,161,WACO,SAN ANTONIO
SGF,ACT,24,34,446,WACO,SPRINGFIELD
IAD,ACT,139,139,1223,WACO,WASHINGTON
SMF,ACT,75,139,1458,WACO,SACRAMENTO
GJT,ACT,90,124,820,WACO,GRAND JUNCTION
AMA,ACT,16,34,360,WACO,AMARILLO
PHX,ACT,69,139,871,WACO,PHOENIX
BDL,ACT,37,139,1529,WACO,HARTFORD
OAK,ACT,69,139,1479,WACO,OAKLAND
MSY,ACT,123,150,430,WACO,NEW ORLEANS
LAX,ACT,138,139,1241,WACO,LOS ANGELES
BOS,ACT,81,139,1620,WACO,BOSTON
LAS,ACT,69,139,1074,WACO,LAS VEGAS
BWI,ACT,123,139,1268,WACO,BALTIMORE
LGA,ACT,82,180,1444,WACO,NEW YORK
COS,ACT,129,139,652,WACO,COLORADO SPRINGS
GSO,ACT,67,97,1039,WACO,GREENSBORO
DTW,ACT,66,139,1058,WACO,DETROIT
ORD,ACT,46,139,881,WACO,CHICAGO
PHL,ACT,87,150,1355,WACO,PHILADELPHIA
JAX,ACT,87,97,924,WACO,JACKSONVILLE
PBI,ACT,64,139,1089,WACO,WEST PALM BEACH
SEA,ACT,133,133,1715,WACO,SEATTLE
BGR,CNW,0,50,1772,WACO,BANGOR
MIA,ACT,131,150,1102,WACO,MIAMI
TYS,ACT,22,50,815,WACO,KNOXVILLE
FWA,ACT,39,50,930,WACO,FORT WAYNE
GSP,ACT,49,50,897,WACO,GREENVILLE
MGM,ACT,28,50,638,WACO,MONTGOMERY
BHM,ACT,90,97,625,WACO,BIRMINGHAM
MBS,ACT,78,215,1091,WACO,SAGINAW
RDU,ACT,128,129,1100,WACO,RALEIGH
SAV,ACT,6,37,942,WACO,SAVANNAH
EWR,ACT,108,129,1427,WACO,NEWARK
IND,ACT,26,50,831,WACO,INDIANAPOLIS
HSV,ACT,60,87,641,WACO,HUNTSVILLE
CVG,ACT,39,50,874,WACO,CINCINNATI
STL,ACT,64,100,627,WACO,ST. LOUIS
MKE,ACT,48,50,934,WACO,MILWAUKEE
OMA,ACT,49,50,672,WACO,OMAHA
RNO,ACT,117,128,1376,WACO,RENO
TUS,ACT,126,129,807,WACO,TUCSON
SJC,ACT,102,129,1459,WACO,SAN JOSE
PDX,ACT,47,166,1666,WACO,PORTLAND
FLG,ACT,48,63,869,WACO,FLAGSTAFF
CLT,ACT,78,129,973,WACO,CHARLOTTE
SAN,ACT,120,129,1170,WACO,SAN DIEGO
MHK,ACT,124,131,520,WACO,MANHATTAN
GRR,ACT,21,50,1008,WACO,GRAND RAPIDS
ILN,CNW,0,50,919,WACO,WILMINGTON
SPS,ACT,25,30,180,WACO,WICHITA FALLS
FOE,ACT,117,131,514,WACO,TOPEKA
CNW,ACT,0,30,9,WACO,WACO
DAY,ACT,32,50,926,WACO,DAYTON
SWO,ACT,125,173,314,WACO,STILLWATER
MCI,ACT,93,129,548,WACO,KANSAS CITY
DSM,ACT,58,70,712,WACO,DES MOINES
BNA,ACT,73,129,681,WACO,NASHVILLE
SFO,ACT,0,138,1486,WACO,SAN FRANCISCO
CSG,ACT,30,50,723,WACO,COLUMBUS
COU,ACT,25,50,571,WACO,COLUMBIA
GPT,ACT,43,117,491,WACO,GULFPORT
SFB,ACT,167,173,975,WACO,ORLANDO
LNK,ACT,175,175,638,WACO,LINCOLN
ROA,ACT,123,175,1059,WACO,ROANOKE
CLE,ACT,58,70,1088,WACO,CLEVELAND
CMI,ACT,33,50,767,WACO,CHAMPAIGN
ELD,ACT,42,173,281,WACO,EL DORADO
CAK,ACT,117,173,1087,WACO,AKRON
MSP,ACT,55,125,941,WACO,MINNEAPOLIS
PAM,ACT,58,116,700,WACO,PANAMA CITY
GNV,ACT,37,50,900,WACO,GAINESVILLE
PIT,ACT,31,50,1128,WACO,PITTSBURGH
HMN,ACT,56,125,526,WACO,ALAMOGORDO
RFD,ACT,0,210,857,WACO,ROCKFORD
PNS,ACT,17,44,601,WACO,PENSACOLA
LEX,ACT,40,44,842,WACO,LEXINGTON
SBA,ACT,65,70,1324,WACO,SANTA BARBARA
ELP,ACT,122,136,539,WACO,EL PASO
MOB,ACT,35,50,536,WACO,MOBILE
GRI,ACT,45,63,648,WACO,GRAND ISLAND
CID,ACT,35,50,771,WACO,CEDAR RAPIDS
ROC,ACT,55,70,1332,WACO,ROCHESTER
CHS,ACT,40,50,1009,WACO,CHARLESTON
BUF,ACT,163,173,1279,WACO,BUFFALO
YNG,ACT,0,173,1134,WACO,YOUNGSTOWN
CHA,ACT,23,44,734,WACO,CHATTANOOGA
CDC,ACT,0,173,995,WACO,CEDAR CITY
PUW,ACT,119,136,1485,WACO,PULLMAN
HIK,ACT,0,173,3780,WACO,HONOLULU
ABE,ACT,0,50,1364,WACO,ALLENTOWN
SAF,ACT,40,44,580,WACO,SANTA FE
EVV,ACT,36,50,706,WACO,EVANSVILLE
BRO,ACT,38,44,393,WACO,BROWNSVILLE
DRT,ACT,0,34,273,WACO,DEL RIO
BGR,THV,1,8,532,YORK,BANGOR
BWI,YUM,94,131,2158,YUMA,BALTIMORE
PHX,YUM,115,732,160,YUMA,PHOENIX
LAX,YUM,111,122,237,YUMA,LOS ANGELES
EKO,YUM,30,124,567,YUMA,ELKO
STL,YUM,66,143,1422,YUMA,ST. LOUIS
LAS,YUM,122,122,238,YUMA,LAS VEGAS
SAN,YUM,177,215,150,YUMA,SAN DIEGO
FLG,YUM,3,19,240,YUMA,FLAGSTAFF
YUM,YUM,0,38,0,YUMA,YUMA
HII,YUM,0,19,133,YUMA,LAKE HAVASU CITY
FLL,YUM,104,159,2118,YUMA,FORT LAUDERDALE
SEA,YUM,128,150,1098,YUMA,SEATTLE
MSP,YUM,72,150,1423,YUMA,MINNEAPOLIS
ABQ,YUM,74,132,488,YUMA,ALBUQUERQUE
ATL,YUM,117,190,1745,YUMA,ATLANTA
JFK,YUM,0,173,2313,YUMA,NEW YORK
ELP,YUM,0,460,485,YUMA,EL PASO
GCK,YUM,0,50,863,YUMA,GARDEN CITY
DFW,YUM,35,133,1022,YUMA,DALLAS
OKC,YUM,48,170,993,YUMA,OKLAHOMA CITY
LRD,YUM,0,50,972,YUMA,LAREDO
TUS,YUM,0,120,218,YUMA,TUCSON
LBL,YUM,0,50,831,YUMA,LIBERAL
DRT,YUM,0,50,840,YUMA,DEL RIO
YIP,YUM,0,50,1820,YUMA,DETROIT
AMA,YUM,86,120,761,YUMA,AMARILLO
SLN,YUM,0,50,1041,YUMA,SALINA
MCI,YUM,0,50,1202,YUMA,KANSAS CITY
SHV,YUM,0,50,1211,YUMA,SHREVEPORT
IPL,YUM,0,50,58,YUMA,EL CENTRO
GJT,YUM,6,37,561,YUMA,GRAND JUNCTION
SBA,YUM,20,50,326,YUMA,SANTA BARBARA
SFO,YUM,0,50,557,YUMA,SAN FRANCISCO
ICT,YUM,0,50,1030,YUMA,WICHITA
CHS,YUM,0,50,2003,YUMA,CHARLESTON
HSV,YUM,0,50,1605,YUMA,HUNTSVILLE
FWA,YUM,0,50,1719,YUMA,FORT WAYNE
BGR,YUM,83,173,2573,YUMA,BANGOR
TUL,YUM,0,50,1095,YUMA,TULSA
MSY,YUM,56,120,1449,YUMA,NEW ORLEANS
POB,YUM,57,120,2042,YUMA,FAYETTEVILLE
IND,YUM,0,50,1648,YUMA,INDIANAPOLIS
BFL,YUM,9,50,319,YUMA,BAKERSFIELD
SNA,YUM,30,102,202,YUMA,SANTA ANA
HNL,YUM,0,50,2762,YUMA,HONOLULU
OMA,YUM,0,50,1191,YUMA,OMAHA
ANC,YUM,84,210,2526,YUMA,ANCHORAGE
COS,YUM,46,50,699,YUMA,COLORADO SPRINGS
IAD,YUM,53,215,2116,YUMA,WASHINGTON
RNO,YUM,72,86,553,YUMA,RENO
TCM,YUM,199,346,1082,YUMA,TACOMA
EUG,YUM,40,50,917,YUMA,EUGENE
OAK,YUM,46,86,554,YUMA,OAKLAND
LIT,YUM,0,50,1295,YUMA,LITTLE ROCK
SJC,YUM,0,50,527,YUMA,SAN JOSE
SBP,YUM,50,50,389,YUMA,SAN LUIS OBISPO
SLC,YUM,1187,1450,580,YUMA,SALT LAKE CITY
ACT,YUM,56,150,1020,YUMA,WACO
FAT,YUM,69,172,406,YUMA,FRESNO
FSM,YUM,80,120,1174,YUMA,FORT SMITH
SFO,CAK,116,128,2187,AKRON,SAN FRANCISCO
CMH,CAK,0,99,99,AKRON,COLUMBUS
LGA,CAK,59,110,396,AKRON,NEW YORK
FWA,CAK,567,2400,196,AKRON,FORT WAYNE
MDT,CAK,71,118,251,AKRON,HARRISBURG
PIT,CAK,35,97,70,AKRON,PITTSBURGH
DSM,CAK,74,142,637,AKRON,DES MOINES
ROC,CAK,87,108,247,AKRON,ROCHESTER
IND,CAK,0,50,269,AKRON,INDIANAPOLIS
GRR,CAK,76,108,250,AKRON,GRAND RAPIDS
YNG,CAK,1231,7200,47,AKRON,YOUNGSTOWN
LAX,CAK,128,128,2073,AKRON,LOS ANGELES
ABQ,CAK,123,128,1427,AKRON,ALBUQUERQUE
DAY,CAK,1673,4380,162,AKRON,DAYTON
EWR,CAK,52,128,381,AKRON,NEWARK
TOL,CAK,136,200,131,AKRON,TOLEDO
DTW,CAK,81,153,133,AKRON,DETROIT
ORD,CAK,1777,5500,344,AKRON,CHICAGO
ATL,CAK,87,177,528,AKRON,ATLANTA
CLE,CAK,2749,6540,40,AKRON,CLEVELAND
CLT,CAK,2476,3592,394,AKRON,CHARLOTTE
LAS,CAK,101,128,1846,AKRON,LAS VEGAS
GRB,CAK,0,100,420,AKRON,GREEN BAY
CVG,CAK,83,142,214,AKRON,CINCINNATI
GSO,CAK,96,110,342,AKRON,GREENSBORO
PHL,CAK,34,108,335,AKRON,PHILADELPHIA
ACY,CAK,91,125,377,AKRON,ATLANTIC CITY
ISO,CAK,98,100,438,AKRON,KINSTON
IAD,CAK,461,2916,252,AKRON,WASHINGTON
TUS,CAK,96,142,1740,AKRON,TUCSON
TPA,CAK,134,143,894,AKRON,TAMPA
ABE,CAK,47,78,315,AKRON,ALLENTOWN
TYS,CAK,51,103,378,AKRON,KNOXVILLE
AZO,CAK,62,68,232,AKRON,KALAMAZOO
STL,CAK,46,103,497,AKRON,ST. LOUIS
SAN,CAK,0,50,2045,AKRON,SAN DIEGO
LEX,CAK,89,98,260,AKRON,LEXINGTON
SBN,CAK,34,64,259,AKRON,SOUTH BEND
TTN,CAK,42,98,351,AKRON,TRENTON
MEM,CAK,54,103,617,AKRON,MEMPHIS
MCO,CAK,108,141,860,AKRON,ORLANDO
IAH,CAK,92,108,1085,AKRON,HOUSTON
BOS,CAK,47,103,549,AKRON,BOSTON
FNT,CAK,11,46,185,AKRON,FLINT
DFW,CAK,115,142,1023,AKRON,DALLAS
ATW,CAK,61,100,428,AKRON,APPLETON
BTV,CAK,88,110,488,AKRON,BURLINGTON
MSP,CAK,59,103,657,AKRON,MINNEAPOLIS
BFF,CAK,116,124,1150,AKRON,SCOTTSBLUFF
OMA,CAK,116,124,754,AKRON,OMAHA
RAP,CAK,118,124,1122,AKRON,RAPID CITY
SLC,CAK,71,124,1591,AKRON,SALT LAKE CITY
RDU,CAK,47,68,376,AKRON,RALEIGH
LAN,CAK,39,103,207,AKRON,LANSING
BDL,CAK,95,126,460,AKRON,HARTFORD
SEA,CAK,62,126,2055,AKRON,SEATTLE
BUF,CAK,25,30,198,AKRON,BUFFALO
CRW,CAK,26,98,175,AKRON,CHARLESTON
BNA,CAK,81,95,435,AKRON,NASHVILLE
MKE,CAK,47,128,361,AKRON,MILWAUKEE
MCI,CAK,96,126,712,AKRON,KANSAS CITY
PHX,CAK,143,144,1754,AKRON,PHOENIX
MBS,CAK,13,19,226,AKRON,SAGINAW
LNK,CAK,211,248,801,AKRON,LINCOLN
AVP,CAK,55,101,300,AKRON,SCRANTON
ALB,CAK,29,30,414,AKRON,ALBANY
LBF,CAK,122,124,1004,AKRON,NORTH PLATTE
SNA,CAK,91,126,2052,AKRON,SANTA ANA
EKO,CAK,77,124,1788,AKRON,ELKO
MIA,CAK,110,110,1044,AKRON,MIAMI
SYR,CAK,20,30,314,AKRON,SYRACUSE
BGM,CAK,0,100,297,AKRON,BINGHAMTON
ERI,CAK,0,115,104,AKRON,ERIE
JAX,CAK,49,50,719,AKRON,JACKSONVILLE
RIC,CAK,12,19,323,AKRON,RICHMOND
PVD,CAK,40,50,524,AKRON,PROVIDENCE
BTL,CAK,0,50,219,AKRON,BATTLE CREEK
ROA,CAK,15,34,260,AKRON,ROANOKE
BWI,CAK,73,100,280,AKRON,BALTIMORE
RFD,CAK,120,170,406,AKRON,ROCKFORD
GYY,CAK,65,122,315,AKRON,GARY
BGR,CAK,44,50,694,AKRON,BANGOR
ICT,CAK,121,124,885,AKRON,WICHITA
GRI,CAK,81,122,881,AKRON,GRAND ISLAND
LAF,CAK,25,34,291,AKRON,LAFAYETTE
MSN,CAK,28,50,434,AKRON,MADISON
RDG,CAK,108,348,290,AKRON,READING
LOZ,CAK,0,50,300,AKRON,LONDON
ITH,CAK,50,50,280,AKRON,ITHACA
CAK,CAK,0,50,0,AKRON,AKRON
MHK,CAK,41,50,816,AKRON,MANHATTAN
GSP,CAK,33,44,417,AKRON,GREENVILLE
CID,CAK,122,122,537,AKRON,CEDAR RAPIDS
ILG,CAK,0,50,320,AKRON,WILMINGTON
LSE,CAK,74,129,542,AKRON,LA CROSSE
TVC,CAK,102,122,338,AKRON,TRAVERSE CITY
SCE,CAK,17,34,188,AKRON,STATE COLLEGE
FLL,CAK,221,468,1026,AKRON,FORT LAUDERDALE
CHO,CAK,114,122,249,AKRON,CHARLOTTESVILLE
MKG,CAK,23,34,292,AKRON,MUSKEGON
HGR,CAK,13,37,213,AKRON,HAGERSTOWN
MHT,CAK,45,50,534,AKRON,MANCHESTER
MQT,CAK,119,122,479,AKRON,MARQUETTE
SGF,CAK,0,150,690,AKRON,SPRINGFIELD
LIT,CAK,0,50,727,AKRON,LITTLE ROCK
ACT,CAK,117,173,1087,AKRON,WACO
CMI,CAK,31,34,365,AKRON,CHAMPAIGN
MYR,CAK,125,148,518,AKRON,MYRTLE BEACH
OKC,CAK,0,50,957,AKRON,OKLAHOMA CITY
SAT,CAK,0,50,1238,AKRON,SAN ANTONIO
UCA,CAK,0,122,348,AKRON,UTICA
RNO,CAK,122,150,2014,AKRON,RENO
PWM,CAK,38,50,601,AKRON,PORTLAND
FAY,CAK,0,122,432,AKRON,FAYETTEVILLE
OAK,CAK,196,250,2176,AKRON,OAKLAND
YKM,CAK,107,199,1974,AKRON,YAKIMA
SAV,CAK,44,50,606,AKRON,SAVANNAH
TUL,CAK,120,173,846,AKRON,TULSA
JAN,CAK,174,250,762,AKRON,JACKSON
RWI,CAK,0,50,399,AKRON,ROCKY MOUNT
AGS,CAK,0,50,521,AKRON,AUGUSTA
AVL,CAK,36,50,383,AKRON,ASHEVILLE
VLD,CAK,0,173,706,AKRON,VALDOSTA
FLO,CAK,0,50,473,AKRON,FLORENCE
GPT,CAK,114,120,841,AKRON,GULFPORT
CAE,CAK,10,50,481,AKRON,COLUMBIA
MSY,CAK,45,50,901,AKRON,NEW ORLEANS
TCM,CAK,77,120,2064,AKRON,TACOMA
ELM,CAK,46,50,251,AKRON,ELMIRA
RCA,LTS,84,345,685,ALTUS,RAPID CITY
TUS,LTS,0,120,697,ALTUS,TUCSON
FCA,BTM,339,562,183,BUTTE,KALISPELL
GEG,BTM,12,18,265,BUTTE,SPOKANE
BIL,BTM,497,990,191,BUTTE,BILLINGS
MSO,BTM,15,36,101,BUTTE,MISSOULA
BZN,BTM,853,3712,65,BUTTE,BOZEMAN
GTF,BTM,24,148,119,BUTTE,GREAT FALLS
HLN,BTM,261,630,51,BUTTE,HELENA
SLC,BTM,89,148,358,BUTTE,SALT LAKE CITY
LWS,BTM,10,18,219,BUTTE,LEWISTON
EKO,BTM,76,119,391,BUTTE,ELKO
PDX,BTM,2,18,489,BUTTE,PORTLAND
SEA,BTM,0,50,477,BUTTE,SEATTLE
BLI,BTM,0,50,510,BUTTE,BELLINGHAM
JAC,BTM,59,124,184,BUTTE,JACKSON
YIP,BTM,0,50,1455,BUTTE,DETROIT
MSP,BTM,10,162,938,BUTTE,MINNEAPOLIS
MKE,BTM,0,143,1229,BUTTE,MILWAUKEE
EUG,BTM,42,199,540,BUTTE,EUGENE
FAR,BTM,51,88,750,BUTTE,FARGO
IDA,BTM,39,50,169,BUTTE,IDAHO FALLS
FAT,CIC,0,19,239,CHICO,FRESNO
SNA,CIC,9,30,476,CHICO,SANTA ANA
SMF,CIC,7,19,77,CHICO,SACRAMENTO
RDD,CIC,0,19,54,CHICO,REDDING
BFL,CIC,8,19,338,CHICO,BAKERSFIELD
SFO,CIC,1138,2546,153,CHICO,SAN FRANCISCO
CEC,CIC,0,50,185,CHICO,CRESCENT CITY
EKA,CIC,0,50,138,CHICO,EUREKA
SJC,CIC,0,50,168,CHICO,SAN JOSE
RDM,CIC,0,30,310,CHICO,BEND
SEA,CIC,120,144,529,CHICO,SEATTLE
MIA,DOV,0,50,961,DOVER,MIAMI
JFK,DOV,0,50,138,DOVER,NEW YORK
LCK,DOV,0,50,402,DOVER,COLUMBUS
LRD,DOV,0,50,1594,DOVER,LAREDO
LAX,DOV,0,50,2394,DOVER,LOS ANGELES
DSM,DOV,0,50,973,DOVER,DES MOINES
RDU,DOV,18,34,289,DOVER,RALEIGH
SFO,DOV,0,50,2521,DOVER,SAN FRANCISCO
ANC,DOV,0,50,3412,DOVER,ANCHORAGE
COS,DOV,392,760,1568,DOVER,COLORADO SPRINGS
ORD,DOV,0,50,683,DOVER,CHICAGO
MEM,DOV,0,50,849,DOVER,MEMPHIS
HMN,DOV,0,50,1761,DOVER,ALAMOGORDO
HSV,DOV,0,50,698,DOVER,HUNTSVILLE
CHS,DOV,0,50,500,DOVER,CHARLESTON
SAT,DOV,0,50,1466,DOVER,SAN ANTONIO
CLT,DOV,83,122,405,DOVER,CHARLOTTE
PHL,DOV,0,50,52,DOVER,PHILADELPHIA
DAY,DOV,0,50,471,DOVER,DAYTON
TOL,DOV,0,50,471,DOVER,TOLEDO
BWI,DOV,0,50,65,DOVER,BALTIMORE
ATL,DOV,64,117,626,DOVER,ATLANTA
GSO,DOV,56,170,323,DOVER,GREENSBORO
AUS,DOV,0,50,1402,DOVER,AUSTIN
DOV,DOV,0,50,0,DOVER,DOVER
MYR,DOV,114,120,422,DOVER,MYRTLE BEACH
LBB,DOV,0,120,1511,DOVER,LUBBOCK
CAE,DOV,95,120,476,DOVER,COLUMBIA
NKX,DOV,0,50,2354,DOVER,SAN DIEGO
YIP,DOV,0,50,475,DOVER,DETROIT
EFD,DOV,0,56,1299,DOVER,HOUSTON
EWR,DOV,36,50,128,DOVER,NEWARK
SLC,DOV,0,50,1928,DOVER,SALT LAKE CITY
PHX,DOV,0,50,2063,DOVER,PHOENIX
LAN,DOV,24,50,539,DOVER,LANSING
CVS,DOV,0,50,1573,DOVER,CLOVIS
DFW,DOV,0,50,1279,DOVER,DALLAS
HUF,DOV,0,50,635,DOVER,TERRE HAUTE
BAD,DOV,0,50,1117,DOVER,SHREVEPORT
LSV,DOV,0,50,2161,DOVER,LAS VEGAS
TCM,DOV,0,50,2402,DOVER,TACOMA
BGR,DOV,0,50,520,DOVER,BANGOR
TIK,DOV,0,50,1232,DOVER,OKLAHOMA CITY
AVP,DOV,34,50,153,DOVER,SCRANTON
ELP,DOV,0,50,1805,DOVER,EL PASO
JAN,DOV,95,174,945,DOVER,JACKSON
CVG,DOV,0,50,495,DOVER,CINCINNATI
PIT,DOV,0,50,271,DOVER,PITTSBURGH
ILN,DOV,0,50,451,DOVER,WILMINGTON
IAD,DOV,0,174,108,DOVER,WASHINGTON
MHR,DOV,0,50,2446,DOVER,SACRAMENTO
TLH,DOV,120,174,785,DOVER,TALLAHASSEE
CLE,DOV,0,50,372,DOVER,CLEVELAND
EIL,DOV,0,50,3293,DOVER,FAIRBANKS
SNA,FAR,60,100,1431,FARGO,SANTA ANA
BNA,FAR,59,78,910,FARGO,NASHVILLE
PIT,FAR,91,100,939,FARGO,PITTSBURGH
MCO,FAR,245,298,1525,FARGO,ORLANDO
PHX,FAR,92,118,1225,FARGO,PHOENIX
SEA,FAR,91,146,1196,FARGO,SEATTLE
GEG,FAR,75,146,973,FARGO,SPOKANE
HNL,FAR,389,400,3807,FARGO,HONOLULU
BDL,FAR,99,100,1237,FARGO,HARTFORD
LGA,FAR,175,184,1217,FARGO,NEW YORK
ORD,FAR,39,146,557,FARGO,CHICAGO
DTW,FAR,100,146,739,FARGO,DETROIT
SFO,FAR,88,298,1450,FARGO,SAN FRANCISCO
SLC,FAR,74,100,865,FARGO,SALT LAKE CITY
CLE,FAR,45,108,833,FARGO,CLEVELAND
BWI,FAR,93,100,1147,FARGO,BALTIMORE
ANC,FAR,85,184,2297,FARGO,ANCHORAGE
PDX,FAR,137,184,1233,FARGO,PORTLAND
LAS,FAR,138,146,1205,FARGO,LAS VEGAS
MSP,FAR,1168,3294,223,FARGO,MINNEAPOLIS
FSD,FAR,3883,9114,230,FARGO,SIOUX FALLS
GTF,FAR,99,100,685,FARGO,GREAT FALLS
GFK,FAR,62,100,74,FARGO,GRAND FORKS
DCA,FAR,134,150,1143,FARGO,WASHINGTON
MOT,FAR,36,78,228,FARGO,MINOT
BOS,FAR,107,184,1304,FARGO,BOSTON
TPA,FAR,60,146,1519,FARGO,TAMPA
DLH,FAR,6,146,219,FARGO,DULUTH
CVG,FAR,34,100,819,FARGO,CINCINNATI
MKE,FAR,19,122,516,FARGO,MILWAUKEE
SAN,FAR,96,146,1452,FARGO,SAN DIEGO
BIL,FAR,22,100,565,FARGO,BILLINGS
BIS,FAR,68,122,187,FARGO,BISMARCK
MCI,FAR,44,143,537,FARGO,KANSAS CITY
GRR,FAR,31,100,619,FARGO,GRAND RAPIDS
AZO,FAR,59,100,642,FARGO,KALAMAZOO
RST,FAR,22,97,295,FARGO,ROCHESTER
SMF,FAR,69,146,1373,FARGO,SACRAMENTO
EKO,FAR,119,119,1033,FARGO,ELKO
LNK,FAR,32,147,419,FARGO,LINCOLN
CID,FAR,0,50,429,FARGO,CEDAR RAPIDS
SUX,FAR,18,108,312,FARGO,SIOUX CITY
OMA,FAR,73,100,390,FARGO,OMAHA
DAY,FAR,60,78,796,FARGO,DAYTON
MEM,FAR,58,112,893,FARGO,MEMPHIS
CMH,FAR,81,100,846,FARGO,COLUMBUS
HOU,FAR,61,100,1194,FARGO,HOUSTON
ABQ,FAR,73,143,964,FARGO,ALBUQUERQUE
LAX,FAR,243,288,1440,FARGO,LOS ANGELES
EWR,FAR,126,150,1206,FARGO,NEWARK
RNO,FAR,74,146,1261,FARGO,RENO
ATL,FAR,81,100,1123,FARGO,ATLANTA
BUF,FAR,84,100,926,FARGO,BUFFALO
DSM,FAR,45,100,403,FARGO,DES MOINES
MSN,FAR,97,146,449,FARGO,MADISON
SJC,FAR,90,150,1440,FARGO,SAN JOSE
FCA,FAR,70,100,818,FARGO,KALISPELL
FAI,FAR,85,184,2250,FARGO,FAIRBANKS
RAP,FAR,24,100,362,FARGO,RAPID CITY
PHL,FAR,73,149,1185,FARGO,PHILADELPHIA
MBS,FAR,62,100,663,FARGO,SAGINAW
GRB,FAR,72,100,452,FARGO,GREEN BAY
MSO,FAR,149,149,816,FARGO,MISSOULA
COS,FAR,113,149,688,FARGO,COLORADO SPRINGS
CLT,FAR,80,100,1153,FARGO,CHARLOTTE
PIA,FAR,0,50,559,FARGO,PEORIA
DFW,FAR,111,125,967,FARGO,DALLAS
MSY,FAR,154,167,1219,FARGO,NEW ORLEANS
IND,FAR,118,150,726,FARGO,INDIANAPOLIS
MIA,FAR,119,149,1716,FARGO,MIAMI
BZN,FAR,41,149,690,FARGO,BOZEMAN
LSE,FAR,0,78,342,FARGO,LA CROSSE
STL,FAR,39,100,652,FARGO,ST. LOUIS
ATW,FAR,0,50,442,FARGO,APPLETON
ILN,FAR,0,50,829,FARGO,WILMINGTON
SAT,FAR,104,124,1202,FARGO,SAN ANTONIO
JMS,FAR,30,32,88,FARGO,JAMESTOWN
FAR,FAR,0,50,0,FARGO,FARGO
ICT,FAR,0,50,640,FARGO,WICHITA
ALB,FAR,0,50,1162,FARGO,ALBANY
LRD,FAR,185,185,1344,FARGO,LAREDO
AEX,FAR,112,148,1099,FARGO,ALEXANDRIA
HSV,FAR,0,50,995,FARGO,HUNTSVILLE
BTV,FAR,0,50,1153,FARGO,BURLINGTON
OAK,FAR,0,72,1439,FARGO,OAKLAND
OKC,FAR,48,173,796,FARGO,OKLAHOMA CITY
TYS,FAR,120,122,1013,FARGO,KNOXVILLE
BGR,FAR,115,149,1351,FARGO,BANGOR
FNT,FAR,94,100,696,FARGO,FLINT
MWA,FAR,114,148,747,FARGO,MARION
CDC,FAR,117,148,1045,FARGO,CEDAR CITY
BRD,FAR,6,34,132,FARGO,BRAINERD
RDU,FAR,97,124,1203,FARGO,RALEIGH
SHV,FAR,90,148,1011,FARGO,SHREVEPORT
RWI,FAR,0,50,1239,FARGO,ROCKY MOUNT
KTN,FAR,148,346,1606,FARGO,KETCHIKAN
SAV,FAR,100,124,1313,FARGO,SAVANNAH
GLH,FAR,97,124,976,FARGO,GREENVILLE
EAU,FAR,0,50,293,FARGO,EAU CLAIRE
MHK,FAR,32,50,537,FARGO,MANHATTAN
GYY,FAR,0,50,592,FARGO,GARY
EKI,FAR,0,50,644,FARGO,ELKHART
VWL,FAR,0,50,100,FARGO,BEMIDJI
LAN,FAR,55,100,664,FARGO,LANSING
SZL,FAR,75,173,589,FARGO,WARRENSBURG
BMI,FAR,115,124,594,FARGO,BLOOMINGTON
XNA,FAR,0,50,745,FARGO,FAYETTEVILLE
RFD,FAR,0,50,501,FARGO,ROCKFORD
CRW,FAR,0,50,972,FARGO,CHARLESTON
FWA,FAR,0,50,709,FARGO,FORT WAYNE
FLL,FAR,147,148,1703,FARGO,FORT LAUDERDALE
ALO,FAR,110,124,371,FARGO,WATERLOO
HUF,FAR,87,100,703,FARGO,TERRE HAUTE
YNG,FAR,109,124,891,FARGO,YOUNGSTOWN
SGF,FAR,108,148,690,FARGO,SPRINGFIELD
HLN,FAR,42,50,719,FARGO,HELENA
LBB,FAR,0,50,951,FARGO,LUBBOCK
LAR,FAR,115,124,586,FARGO,LARAMIE
BFL,FAR,0,50,1397,FARGO,BAKERSFIELD
MDT,FAR,32,68,1104,FARGO,HARRISBURG
LEX,FAR,0,50,873,FARGO,LEXINGTON
CAK,FAR,0,50,870,FARGO,AKRON
LAN,FNT,91,110,45,FLINT,LANSING
JFK,FNT,2,110,539,FLINT,NEW YORK
DAY,FNT,2015,3132,213,FLINT,DAYTON
EWR,FNT,13,110,518,FLINT,NEWARK
BWI,FNT,25,108,452,FLINT,BALTIMORE
ORD,FNT,819,1180,223,FLINT,CHICAGO
DFW,FNT,10,108,1003,FLINT,DALLAS
MKG,FNT,0,36,127,FLINT,MUSKEGON
CMH,FNT,26,110,210,FLINT,COLUMBUS
AZO,FNT,12,36,105,FLINT,KALAMAZOO
PHL,FNT,27,103,490,FLINT,PHILADELPHIA
GRR,FNT,185,284,91,FLINT,GRAND RAPIDS
PIT,FNT,744,3346,249,FLINT,PITTSBURGH
DTW,FNT,52,103,56,FLINT,DETROIT
DBQ,FNT,0,36,357,FLINT,DUBUQUE
TVC,FNT,6,46,153,FLINT,TRAVERSE CITY
MBS,FNT,4,30,43,FLINT,SAGINAW
CLE,FNT,18,60,145,FLINT,CLEVELAND
SAN,FNT,85,126,1945,FLINT,SAN DIEGO
STL,FNT,29,151,452,FLINT,ST. LOUIS
FWA,FNT,0,50,156,FLINT,FORT WAYNE
MCO,FNT,526,1227,1011,FLINT,ORLANDO
CVG,FNT,0,100,275,FLINT,CINCINNATI
MKE,FNT,48,100,211,FLINT,MILWAUKEE
FLL,FNT,87,100,1182,FLINT,FORT LAUDERDALE
DCA,FNT,57,100,451,FLINT,WASHINGTON
ATL,FNT,5740,10235,644,FLINT,ATLANTA
ALB,FNT,92,125,505,FLINT,ALBANY
TPA,FNT,139,149,1036,FLINT,TAMPA
CWA,FNT,14,34,321,FLINT,WAUSAU
ATW,FNT,5,34,256,FLINT,APPLETON
ROA,FNT,9,34,437,FLINT,ROANOKE
ROC,FNT,22,34,307,FLINT,ROCHESTER
MQT,FNT,36,37,310,FLINT,MARQUETTE
EVV,FNT,21,34,394,FLINT,EVANSVILLE
DSM,FNT,63,69,518,FLINT,DES MOINES
PVD,FNT,36,110,636,FLINT,PROVIDENCE
YNG,FNT,3,34,197,FLINT,YOUNGSTOWN
MSP,FNT,58,100,491,FLINT,MINNEAPOLIS
RFD,FNT,15,34,278,FLINT,ROCKFORD
CMI,FNT,7,68,310,FLINT,CHAMPAIGN
MEM,FNT,0,50,641,FLINT,MEMPHIS
MSN,FNT,84,100,283,FLINT,MADISON
MIA,FNT,92,100,1200,FLINT,MIAMI
BMI,FNT,14,34,318,FLINT,BLOOMINGTON
LIT,FNT,0,50,729,FLINT,LITTLE ROCK
LAS,FNT,166,170,1733,FLINT,LAS VEGAS
BNA,FNT,0,50,497,FLINT,NASHVILLE
SNA,FNT,126,150,1946,FLINT,SANTA ANA
CRW,FNT,18,34,336,FLINT,CHARLESTON
HOU,FNT,0,50,1119,FLINT,HOUSTON
ELP,FNT,0,50,1457,FLINT,EL PASO
CAK,FNT,0,34,185,FLINT,AKRON
ERI,FNT,2,34,192,FLINT,ERIE
CLT,FNT,172,200,555,FLINT,CHARLOTTE
SYR,FNT,0,50,387,FLINT,SYRACUSE
OSH,FNT,140,170,252,FLINT,OSHKOSH
GSP,FNT,35,100,563,FLINT,GREENVILLE
GSO,FNT,55,100,516,FLINT,GREENSBORO
BRO,FNT,0,50,1408,FLINT,BROWNSVILLE
IND,FNT,0,50,260,FLINT,INDIANAPOLIS
SBN,FNT,10,34,158,FLINT,SOUTH BEND
MCI,FNT,16,100,625,FLINT,KANSAS CITY
TYS,FNT,4,34,494,FLINT,KNOXVILLE
BUF,FNT,1,69,254,FLINT,BUFFALO
ELM,FNT,7,34,354,FLINT,ELMIRA
LRD,FNT,0,50,1381,FLINT,LAREDO
BOS,FNT,79,110,649,FLINT,BOSTON
JAX,FNT,75,110,868,FLINT,JACKSONVILLE
MOR,FNT,0,50,469,FLINT,MORRISTOWN
BGM,FNT,30,34,400,FLINT,BINGHAMTON
LEX,FNT,0,50,343,FLINT,LEXINGTON
MSY,FNT,100,100,965,FLINT,NEW ORLEANS
ILN,FNT,0,50,239,FLINT,WILMINGTON
SHV,FNT,0,50,911,FLINT,SHREVEPORT
PWM,FNT,90,100,678,FLINT,PORTLAND
RIC,FNT,71,100,507,FLINT,RICHMOND
GRB,FNT,65,110,244,FLINT,GREEN BAY
APN,FNT,0,50,146,FLINT,ALPENA
PIA,FNT,0,50,346,FLINT,PEORIA
TOL,FNT,0,50,95,FLINT,TOLEDO
LBF,FNT,0,50,880,FLINT,NORTH PLATTE
IRK,FNT,0,50,497,FLINT,KIRKSVILLE
MHT,FNT,116,124,623,FLINT,MANCHESTER
GYY,FNT,0,50,210,FLINT,GARY
FNT,FNT,99,174,0,FLINT,FLINT
COU,FNT,0,50,528,FLINT,COLUMBIA
PAH,FNT,0,50,487,FLINT,PADUCAH
BDL,FNT,120,125,569,FLINT,HARTFORD
CSV,FNT,0,50,489,FLINT,CROSSVILLE
BTV,FNT,0,50,540,FLINT,BURLINGTON
FAR,FNT,108,141,696,FLINT,FARGO
DLH,FNT,0,50,493,FLINT,DULUTH
TUS,FNT,0,120,1660,FLINT,TUCSON
OMA,FNT,100,173,634,FLINT,OMAHA
OKC,FNT,0,50,907,FLINT,OKLAHOMA CITY
LNK,FNT,0,50,686,FLINT,LINCOLN
ICT,FNT,0,50,810,FLINT,WICHITA
RDU,FNT,115,148,556,FLINT,RALEIGH
SGF,FNT,0,50,645,FLINT,SPRINGFIELD
CHA,FNT,0,50,553,FLINT,CHATTANOOGA
ITH,FNT,11,34,372,FLINT,ITHACA
FOE,FNT,0,50,682,FLINT,TOPEKA
CHO,FNT,12,34,434,FLINT,CHARLOTTESVILLE
LAX,FNT,124,124,1964,FLINT,LOS ANGELES
DCU,FNT,0,50,599,FLINT,DECATUR
BGR,FNT,47,50,754,FLINT,BANGOR
AVP,FNT,33,50,427,FLINT,SCRANTON
BWG,FNT,0,50,438,FLINT,BOWLING GREEN
XNA,FNT,0,50,727,FLINT,FAYETTEVILLE
FSD,FNT,0,50,656,FLINT,SIOUX FALLS
SKY,FNT,0,50,120,FLINT,SANDUSKY
ADM,FNT,0,50,932,FLINT,ARDMORE
MDT,FNT,36,76,409,FLINT,HARRISBURG
BHM,FNT,43,50,669,FLINT,BIRMINGHAM
MGM,FNT,0,50,750,FLINT,MONTGOMERY
HSV,FNT,0,50,597,FLINT,HUNTSVILLE
HUF,FNT,0,50,305,FLINT,TERRE HAUTE
SLN,FNT,0,50,782,FLINT,SALINA
BIL,HVR,15,95,198,HAVRE,BILLINGS
ABQ,HOB,14,19,254,HOBBS,ALBUQUERQUE
CNM,HOB,40,1083,66,HOBBS,CARLSBAD
ROW,HOB,2,418,87,HOBBS,ROSWELL
LBB,HOB,0,50,105,HOBBS,LUBBOCK
CVN,HOB,6,912,120,HOBBS,CLOVIS
HOB,HOB,7,19,0,HOBBS,HOBBS
FMN,HOB,0,19,399,HOBBS,FARMINGTON
MAF,HOB,0,50,79,HOBBS,MIDLAND
RUI,HOB,91,162,149,HOBBS,RUIDOSO
LRD,HUM,0,50,553,HOUMA,LAREDO
IAH,HUM,0,50,283,HOUMA,HOUSTON
PIR,HON,0,19,102,HURON,PIERRE
MCO,HON,151,170,1442,HURON,ORLANDO
ORD,HON,0,38,547,HURON,CHICAGO
MSP,HON,7,76,249,HURON,MINNEAPOLIS
BKX,HON,92,893,70,HURON,BROOKINGS
LAS,HON,124,170,1060,HURON,LAS VEGAS
FSD,HON,0,50,93,HURON,SIOUX FALLS
MSY,HON,76,189,1084,HURON,NEW ORLEANS
OMA,HON,7,19,243,HURON,OMAHA
HON,HON,0,19,0,HURON,HURON
COS,HON,190,240,510,HURON,COLORADO SPRINGS
BUF,HON,0,50,980,HURON,BUFFALO
ABR,HON,418,1350,74,HURON,ABERDEEN
CYS,HON,13,30,402,HURON,CHEYENNE
BFF,HON,19,30,322,HURON,SCOTTSBLUFF
EAR,HON,14,19,255,HURON,KEARNEY
LBF,HON,4,19,257,HURON,NORTH PLATTE
IDA,LGU,0,50,120,LOGAN,IDAHO FALLS
SLC,LGU,0,50,69,LOGAN,SALT LAKE CITY
PHX,LGU,0,150,576,LOGAN,PHOENIX
SJC,LGU,114,136,618,LOGAN,SAN JOSE
LAS,LGU,120,150,432,LOGAN,LAS VEGAS
RNO,LGU,113,136,445,LOGAN,RENO
FAT,LGU,114,150,545,LOGAN,FRESNO
MLU,LGU,107,136,1263,LOGAN,MONROE
EUG,LGU,126,136,598,LOGAN,EUGENE
PUW,LGU,110,136,430,LOGAN,PULLMAN
DRO,LGU,27,30,388,LOGAN,DURANGO
ELP,LGU,118,136,752,LOGAN,EL PASO
BHM,LGU,0,168,1481,LOGAN,BIRMINGHAM
CLL,LGU,117,136,1157,LOGAN,COLLEGE STATION
MIA,MCN,142,185,517,MACON,MIAMI
FLL,MCN,85,149,502,MACON,FORT LAUDERDALE
MYR,MCN,2,30,350,MACON,MYRTLE BEACH
FLO,MCN,22,30,306,MACON,FLORENCE
ILM,MCN,29,60,410,MACON,WILMINGTON
GNV,MCN,0,30,317,MACON,GAINESVILLE
VLD,MCN,25,90,223,MACON,VALDOSTA
BQK,MCN,2,30,265,MACON,BRUNSWICK
ABY,MCN,19,60,154,MACON,ALBANY
DHN,MCN,6,30,163,MACON,DOTHAN
ATL,MCN,36,240,34,MACON,ATLANTA
FAY,MCN,25,30,317,MACON,FAYETTEVILLE
OAJ,MCN,3,30,431,MACON,JACKSONVILLE
MEI,MCN,26,30,299,MACON,MERIDIAN
GPT,MCN,23,30,357,MACON,GULFPORT
ROA,MCN,12,30,380,MACON,ROANOKE
GTR,MCN,12,30,207,MACON,COLUMBUS
PHX,MCN,140,148,1641,MACON,PHOENIX
SAV,MCN,57,66,148,MACON,SAVANNAH
CRW,MCN,24,30,377,MACON,CHARLESTON
GSO,MCN,22,30,333,MACON,GREENSBORO
EVV,MCN,19,30,428,MACON,EVANSVILLE
PNS,MCN,20,66,259,MACON,PENSACOLA
AGS,MCN,28,30,108,MACON,AUGUSTA
PFN,MCN,56,88,209,MACON,PANAMA CITY
AVL,MCN,60,88,199,MACON,ASHEVILLE
JAN,MCN,4,30,376,MACON,JACKSON
LEX,MCN,11,30,372,MACON,LEXINGTON
TLH,MCN,6,30,164,MACON,TALLAHASSEE
JFK,MCN,64,107,774,MACON,NEW YORK
CLE,MCN,28,50,609,MACON,CLEVELAND
LYH,MCN,16,30,407,MACON,LYNCHBURG
EWR,MCN,103,103,761,MACON,NEWARK
MGM,MCN,47,66,162,MACON,MONTGOMERY
CHA,MCN,49,66,184,MACON,CHATTANOOGA
LFT,MCN,23,30,521,MACON,LAFAYETTE
ICT,MCN,35,50,851,MACON,WICHITA
FWA,MCN,43,50,577,MACON,FORT WAYNE
CRP,MCN,26,50,894,MACON,CORPUS CHRISTI
DAL,MCN,48,50,768,MACON,DALLAS
SAT,MCN,0,50,904,MACON,SAN ANTONIO
MCN,MCN,0,50,0,MACON,MACON
STL,MCN,65,131,562,MACON,ST. LOUIS
BUF,MCN,0,50,756,MACON,BUFFALO
CAE,MCN,18,40,170,MACON,COLUMBIA
BGR,WRB,101,173,1154,MACON,BANGOR
PHL,MCN,49,50,681,MACON,PHILADELPHIA
CVG,MCN,49,50,442,MACON,CINCINNATI
MDT,MCN,1,50,643,MACON,HARRISBURG
EYW,MCN,59,70,572,MACON,KEY WEST
JHW,MCN,0,50,695,MACON,JAMESTOWN
ABE,MCN,43,50,713,MACON,ALLENTOWN
CLT,MCN,0,50,233,MACON,CHARLOTTE
CAK,MCN,61,70,580,MACON,AKRON
YIP,MCN,0,50,658,MACON,DETROIT
IAD,MCN,45,50,553,MACON,WASHINGTON
SHV,MCN,39,40,594,MACON,SHREVEPORT
BTR,MCN,13,70,467,MACON,BATON ROUGE
AEX,MCN,47,50,531,MACON,ALEXANDRIA
ATW,MCN,39,50,840,MACON,APPLETON
BFI,MCN,0,50,2258,MACON,SEATTLE
TOL,MCN,44,50,613,MACON,TOLEDO
SFO,MCN,63,120,2203,MACON,SAN FRANCISCO
OKC,MCN,54,70,821,MACON,OKLAHOMA CITY
RFD,WRB,0,210,725,MACON,ROCKFORD
AVP,MCN,0,40,739,MACON,SCRANTON
IAH,MCN,46,50,716,MACON,HOUSTON
MSP,MCN,0,50,985,MACON,MINNEAPOLIS
SGF,MCN,21,50,635,MACON,SPRINGFIELD
CHO,MCN,0,50,476,MACON,CHARLOTTESVILLE
SLC,MCN,0,70,1659,MACON,SALT LAKE CITY
OMA,MCN,50,50,899,MACON,OMAHA
AUS,MCN,50,50,845,MACON,AUSTIN
BOS,MCN,138,142,961,MACON,BOSTON
MLU,MCN,35,50,489,MACON,MONROE
ORD,MCN,62,66,681,MACON,CHICAGO
SYR,MCN,34,50,827,MACON,SYRACUSE
PWM,MCN,48,70,1045,MACON,PORTLAND
RIC,MCN,42,50,488,MACON,RICHMOND
DSM,MCN,46,50,822,MACON,DES MOINES
ARA,MCN,0,100,520,MACON,NEW IBERIA
PIT,MCN,50,50,570,MACON,PITTSBURGH
ROC,MCN,49,50,789,MACON,ROCHESTER
MKE,MCN,62,76,744,MACON,MILWAUKEE
BHM,MCN,46,100,190,MACON,BIRMINGHAM
TCL,MCN,36,50,233,MACON,TUSCALOOSA
BMI,MCN,42,50,612,MACON,BLOOMINGTON
SBN,MCN,0,50,638,MACON,SOUTH BEND
ACY,MCN,20,50,689,MACON,ATLANTIC CITY
MOB,MCN,0,50,304,MACON,MOBILE
APF,MCN,32,40,465,MACON,NAPLES
DAY,MCN,43,50,498,MACON,DAYTON
ERI,MCN,0,50,675,MACON,ERIE
TUL,MCN,0,50,739,MACON,TULSA
PIA,MCN,0,50,643,MACON,PEORIA
CID,MCN,0,50,773,MACON,CEDAR RAPIDS
BTV,MCN,0,50,990,MACON,BURLINGTON
GSP,MCN,0,70,173,MACON,GREENVILLE
PVD,MCN,37,50,916,MACON,PROVIDENCE
RDU,MCN,42,50,354,MACON,RALEIGH
EWN,MCN,0,50,414,MACON,NEW BERN
AHN,MCN,13,171,88,MACON,ATHENS
EDF,WRB,0,50,3495,MACON,ANCHORAGE
BWI,MCN,0,50,594,MACON,BALTIMORE
DYS,WRB,31,120,949,MACON,ABILENE
BYH,MCN,0,264,425,MACON,BLYTHEVILLE
MCF,WRB,56,284,336,MACON,TAMPA
LAX,MIA,5492,9570,2342,MIAMI,LOS ANGELES
DCA,MIA,8486,13800,920,MIAMI,WASHINGTON
GNV,MIA,2208,5430,295,MIAMI,GAINESVILLE
BTR,MIA,24,300,738,MIAMI,BATON ROUGE
GRR,MIA,43,151,1215,MIAMI,GRAND RAPIDS
TLH,MIA,1756,3190,403,MIAMI,TALLAHASSEE
MSY,MIA,1263,3468,674,MIAMI,NEW ORLEANS
MSP,MIA,4342,7036,1501,MIAMI,MINNEAPOLIS
SAT,MIA,11,148,1143,MIAMI,SAN ANTONIO
ATL,MIA,4782,6447,595,MIAMI,ATLANTA
ORD,MIA,10794,14542,1197,MIAMI,CHICAGO
BUF,MIA,53,146,1185,MIAMI,BUFFALO
IAH,MIA,4231,12615,964,MIAMI,HOUSTON
DTW,MIA,2572,3660,1145,MIAMI,DETROIT
ELP,MIA,254,267,1632,MIAMI,EL PASO
SYR,MIA,8,302,1217,MIAMI,SYRACUSE
RIC,MIA,0,50,826,MIAMI,RICHMOND
SAV,MIA,108,185,440,MIAMI,SAVANNAH
TYS,MIA,80,100,724,MIAMI,KNOXVILLE
CLT,MIA,5232,8456,651,MIAMI,CHARLOTTE
CLE,MIA,2255,4230,1080,MIAMI,CLEVELAND
BWI,MIA,2828,3968,946,MIAMI,BALTIMORE
CMI,MIA,4,110,1085,MIAMI,CHAMPAIGN
AVL,MIA,92,103,678,MIAMI,ASHEVILLE
BHM,MIA,99,100,661,MIAMI,BIRMINGHAM
PIT,MIA,238,412,1013,MIAMI,PITTSBURGH
CVG,MIA,5861,13172,948,MIAMI,CINCINNATI
MDT,MIA,11,316,1013,MIAMI,HARRISBURG
CHS,MIA,0,99,490,MIAMI,CHARLESTON
FWA,MIA,0,50,1084,MIAMI,FORT WAYNE
GSO,MIA,122,151,710,MIAMI,GREENSBORO
STL,MIA,330,575,1068,MIAMI,ST. LOUIS
MKE,MIA,1773,3416,1259,MIAMI,MILWAUKEE
BNA,MIA,6919,12450,806,MIAMI,NASHVILLE
PNS,MIA,0,63,530,MIAMI,PENSACOLA
BOS,MIA,1998,2995,1258,MIAMI,BOSTON
TPA,MIA,7458,9388,204,MIAMI,TAMPA
BGR,MIA,929,960,1459,MIAMI,BANGOR
MIQ,MIA,0,50,1394,MIAMI,OMAHA
DAY,MIA,2032,3630,998,MIAMI,DAYTON
EWR,MIA,4061,7900,1086,MIAMI,NEWARK
DFW,MIA,2980,5238,1121,MIAMI,DALLAS
MCO,MIA,0,298,193,MIAMI,ORLANDO
MEM,MIA,4535,6000,860,MIAMI,MEMPHIS
JFK,MIA,85,197,1090,MIAMI,NEW YORK
BDL,MIA,116,555,1194,MIAMI,HARTFORD
EYW,MIA,6190,11658,126,MIAMI,KEY WEST
RDU,MIA,116,236,700,MIAMI,RALEIGH
SEA,MIA,0,50,2724,MIAMI,SEATTLE
CAE,MIA,146,149,563,MIAMI,COLUMBIA
JAX,MIA,2652,6050,335,MIAMI,JACKSONVILLE
PHL,MIA,49,141,1013,MIAMI,PHILADELPHIA
SFO,MIA,3720,5999,2585,MIAMI,SAN FRANCISCO
MYR,MIA,53,150,549,MIAMI,MYRTLE BEACH
OKC,MIA,114,128,1223,MIAMI,OKLAHOMA CITY
PBI,MIA,24,63,62,MIAMI,WEST PALM BEACH
FLL,MIA,13,179,21,MIAMI,FORT LAUDERDALE
COS,MIA,98,128,1679,MIAMI,COLORADO SPRINGS
SLC,MIA,19,302,2088,MIAMI,SALT LAKE CITY
SJC,MIA,120,388,2559,MIAMI,SAN JOSE
CMH,MIA,8,110,990,MIAMI,COLUMBUS
ROC,MIA,0,50,1204,MIAMI,ROCHESTER
DSM,MIA,96,100,1327,MIAMI,DES MOINES
GSP,MIA,0,115,638,MIAMI,GREENVILLE
MOB,MIA,0,97,590,MIAMI,MOBILE
LTS,MIA,0,354,1287,MIAMI,ALTUS
MIA,MIA,106,378,0,MIAMI,MIAMI
DOV,MIA,0,50,961,MIAMI,DOVER
AUS,MIA,0,50,1107,MIAMI,AUSTIN
TUL,MIA,0,50,1168,MIAMI,TULSA
IND,MIA,2358,3968,1021,MIAMI,INDIANAPOLIS
EVV,MIA,0,50,944,MIAMI,EVANSVILLE
SAN,MIA,2204,5728,2267,MIAMI,SAN DIEGO
PVD,MIA,91,118,1209,MIAMI,PROVIDENCE
ROA,MIA,0,50,795,MIAMI,ROANOKE
JAN,MIA,98,188,743,MIAMI,JACKSON
PHX,MIA,95,149,1972,MIAMI,PHOENIX
ICT,MIA,104,128,1295,MIAMI,WICHITA
MCI,MIA,107,110,1252,MIAMI,KANSAS CITY
LEX,MIA,0,50,881,MIAMI,LEXINGTON
HSV,MIA,0,50,722,MIAMI,HUNTSVILLE
ALB,MIA,49,146,1225,MIAMI,ALBANY
APF,MIA,2343,4719,96,MIAMI,NAPLES
LAS,MIA,34,660,2175,MIAMI,LAS VEGAS
ABQ,MIA,89,214,1689,MIAMI,ALBUQUERQUE
MGM,MIA,53,150,581,MIAMI,MONTGOMERY
LFT,MIA,0,128,777,MIAMI,LAFAYETTE
HNL,MIA,0,50,4862,MIAMI,HONOLULU
CAK,MIA,77,98,1044,MIAMI,AKRON
POB,TNT,28,173,651,MIAMI,FAYETTEVILLE
ANC,MIA,0,50,4004,MIAMI,ANCHORAGE
HKY,OPF,0,50,681,MIAMI,HICKORY
YUM,MIA,144,172,2117,MIAMI,YUMA
BYH,MIA,0,50,905,MIAMI,BLYTHEVILLE
MHT,MIA,104,118,1284,MIAMI,MANCHESTER
LBB,MIA,150,188,1400,MIAMI,LUBBOCK
TUS,MIA,0,170,1900,MIAMI,TUCSON
MLU,MIA,0,170,847,MIAMI,MONROE
MWA,MIA,0,170,970,MIAMI,MARION
AEX,OPF,61,173,833,MIAMI,ALEXANDRIA
CKB,MIA,0,173,930,MIAMI,CLARKSBURG
RNO,MIA,148,176,2464,MIAMI,RENO
LIT,MIA,0,190,941,MIAMI,LITTLE ROCK
ISO,MIA,0,50,676,MIAMI,KINSTON
GRK,MIA,0,50,1126,MIAMI,KILLEEN
WRB,MIA,0,346,512,MIAMI,MACON
TUP,MIA,0,173,773,MIAMI,TUPELO
SGF,MIA,0,141,1102,MIAMI,SPRINGFIELD
ILN,MIA,0,50,967,MIAMI,WILMINGTON
PIB,MIA,0,173,674,MIAMI,HATTIESBURG
SWO,MIA,0,173,1223,MIAMI,STILLWATER
CID,MIA,355,362,1286,MIAMI,CEDAR RAPIDS
ACY,MIA,206,215,998,MIAMI,ATLANTIC CITY
CRP,MIA,0,173,1072,MIAMI,CORPUS CHRISTI
LCH,MIA,0,173,845,MIAMI,LAKE CHARLES
CLL,MIA,0,173,1034,MIAMI,COLLEGE STATION
NJK,MIA,0,50,2179,MIAMI,EL CENTRO
PDX,MIA,204,204,2700,MIAMI,PORTLAND
ALO,MIA,161,170,1345,MIAMI,WATERLOO
VLD,MIA,0,173,389,MIAMI,VALDOSTA
AVP,MIA,0,173,1103,MIAMI,SCRANTON
ABE,MIA,160,165,1062,MIAMI,ALLENTOWN
RIV,MIA,0,173,2276,MIAMI,RIVERSIDE
DYS,MIA,0,50,1266,MIAMI,ABILENE
PAH,MIA,0,173,923,MIAMI,PADUCAH
OAK,MIA,0,173,2577,MIAMI,OAKLAND
MSN,MIA,162,173,1301,MIAMI,MADISON
LAN,MIA,0,173,1196,MIAMI,LANSING
MSO,MIA,0,173,2352,MIAMI,MISSOULA
GPT,MIA,0,50,623,MIAMI,GULFPORT
CHO,MIA,0,173,858,MIAMI,CHARLOTTESVILLE
SCE,MIA,0,170,1047,MIAMI,STATE COLLEGE
TOL,MIA,0,50,1107,MIAMI,TOLEDO
CWA,MIA,166,346,1410,MIAMI,WAUSAU
ACT,MIA,45,59,1102,MIAMI,WACO
OCF,OPF,0,50,255,MIAMI,OCALA
ERI,MIA,0,50,1123,MIAMI,ERIE
LRD,MIA,0,50,1193,MIAMI,LAREDO
MIE,MIA,0,170,1038,MIAMI,MUNCIE
HUF,MIA,0,170,1026,MIAMI,TERRE HAUTE
FSD,MIA,0,133,1537,MIAMI,SIOUX FALLS
SHV,MIA,0,50,937,MIAMI,SHREVEPORT
BRO,MIA,0,50,1067,MIAMI,BROWNSVILLE
YNG,MIA,0,173,1066,MIAMI,YOUNGSTOWN
SBN,MIA,22,50,1150,MIAMI,SOUTH BEND
LSE,MIA,0,173,1391,MIAMI,LA CROSSE
MHK,MIA,0,173,1323,MIAMI,MANHATTAN
PUB,MIA,0,173,1654,MIAMI,PUEBLO
GYY,MIA,0,50,1164,MIAMI,GARY
BWG,MIA,133,173,850,MIAMI,BOWLING GREEN
RFD,MIA,0,296,1237,MIAMI,ROCKFORD
TCL,MIA,0,50,675,MIAMI,TUSCALOOSA
AGS,MIA,0,50,532,MIAMI,AUGUSTA
TCM,MIA,0,173,2725,MIAMI,TACOMA
SSC,MIA,0,173,564,MIAMI,SUMTER
HLN,MIA,0,173,2253,MIAMI,HELENA
JST,MIA,0,172,1004,MIAMI,JOHNSTOWN
TTN,OPF,21,27,1039,MIAMI,TRENTON
BIL,MIA,0,173,2083,MIAMI,BILLINGS
AND,MIA,0,50,617,MIAMI,ANDERSON
SBA,MIA,2,13,2426,MIAMI,SANTA BARBARA
CVS,MIA,0,50,1497,MIAMI,CLOVIS
FOE,MIA,178,188,1273,MIAMI,TOPEKA
AHN,MIA,0,50,591,MIAMI,ATHENS
HIF,MIA,0,173,2096,MIAMI,OGDEN
STS,MIA,2,8,2616,MIAMI,SANTA ROSA
HOT,OPF,0,50,966,MIAMI,HOT SPRINGS
EIL,MIA,0,50,3941,MIAMI,FAIRBANKS
LRU,MIA,0,122,1668,MIAMI,LAS CRUCES
FSM,MIA,144,199,1064,MIAMI,FORT SMITH
EAR,MIA,1,120,1488,MIAMI,KEARNEY
SMF,MIA,34,68,2552,MIAMI,SACRAMENTO
GRI,MIA,0,68,1470,MIAMI,GRAND ISLAND
LAL,MIA,0,173,185,MIAMI,LAKELAND
ORH,MIA,626,865,1232,MIAMI,WORCESTER
DHN,MIA,158,168,493,MIAMI,DOTHAN
ELM,MIA,0,174,1145,MIAMI,ELMIRA
FAT,MIA,76,173,2433,MIAMI,FRESNO
SZL,MIA,0,173,1179,MIAMI,WARRENSBURG
SAF,OPF,2,14,1668,MIAMI,SANTA FE
SHD,MIA,0,122,863,MIAMI,STAUNTON
XXW,MIA,0,173,333,MIAMI,LAKE CITY
MSP,MOT,127,146,449,MINOT,MINNEAPOLIS
EWR,MOT,103,130,1429,MINOT,NEWARK
BIS,MOT,914,3782,105,MINOT,BISMARCK
BIL,MOT,43,100,382,MINOT,BILLINGS
BNA,MOT,62,70,1120,MINOT,NASHVILLE
SLC,MOT,112,119,737,MINOT,SALT LAKE CITY
EKO,MOT,119,119,879,MINOT,ELKO
IND,MOT,73,100,949,MINOT,INDIANAPOLIS
PIT,MOT,0,100,1167,MINOT,PITTSBURGH
GFK,MOT,78,78,191,MINOT,GRAND FORKS
FAR,MOT,0,100,228,MINOT,FARGO
DTW,MOT,4,100,966,MINOT,DETROIT
STL,MOT,0,100,854,MINOT,ST. LOUIS
GRB,MOT,0,50,679,MINOT,GREEN BAY
MIB,MOT,0,125,11,MINOT,MINOT
LAS,MOT,165,170,1098,MINOT,LAS VEGAS
ISN,MOT,0,50,109,MINOT,WILLISTON
ORD,MOT,17,50,783,MINOT,CHICAGO
COS,MOT,56,120,675,MINOT,COLORADO SPRINGS
RAP,MOT,16,120,303,MINOT,RAPID CITY
SMF,MOT,0,50,1210,MINOT,SACRAMENTO
FOE,MOT,0,120,701,MINOT,TOPEKA
TUS,MOT,0,120,1223,MINOT,TUCSON
IAD,MOT,114,173,1349,MINOT,WASHINGTON
MSY,MOT,121,170,1389,MINOT,NEW ORLEANS
SFB,MOT,152,173,1717,MINOT,ORLANDO
LNK,MOT,0,50,558,MINOT,LINCOLN
EIL,MIB,83,173,2012,MINOT,FAIRBANKS
DAY,MOT,0,50,1023,MINOT,DAYTON
EVV,MOT,0,50,988,MINOT,EVANSVILLE
MEM,MOT,0,50,1081,MINOT,MEMPHIS
GTF,MOT,60,122,472,MINOT,GREAT FALLS
FSD,MOT,0,50,390,MINOT,SIOUX FALLS
SGF,MOT,113,173,859,MINOT,SPRINGFIELD
ABQ,MIB,30,173,961,MINOT,ALBUQUERQUE
MKE,MOT,0,50,744,MINOT,MILWAUKEE
TYS,MIB,15,150,1241,MINOT,KNOXVILLE
ANC,MOT,49,173,2083,MINOT,ANCHORAGE
TOL,MOT,0,50,970,MINOT,TOLEDO
CAK,MOT,0,120,1098,MINOT,AKRON
AEX,MIB,0,173,1266,MINOT,ALEXANDRIA
DIK,MOT,0,50,123,MINOT,DICKINSON
LFT,MOT,18,50,1339,MINOT,LAFAYETTE
LEX,OCF,0,50,626,OCALA,LEXINGTON
CAE,OCF,133,173,335,OCALA,COLUMBIA
BWI,OCF,0,50,759,OCALA,BALTIMORE
LAX,OCF,0,50,2149,OCALA,LOS ANGELES
OPF,OCF,0,50,255,OCALA,MIAMI
MSY,OCF,0,50,486,OCALA,NEW ORLEANS
FLL,OCF,0,50,248,OCALA,FORT LAUDERDALE
GNV,OCF,0,50,36,OCALA,GAINESVILLE
SHV,OCF,0,50,725,OCALA,SHREVEPORT
HOT,OCF,0,50,736,OCALA,HOT SPRINGS
DAL,OCF,0,50,903,OCALA,DALLAS
CSG,OCF,127,150,281,OCALA,COLUMBUS
SFB,OCF,0,120,66,OCALA,ORLANDO
GPT,OCF,77,122,420,OCALA,GULFPORT
BUF,OCF,0,50,969,OCALA,BUFFALO
TUP,OCF,135,137,521,OCALA,TUPELO
PBI,OCF,0,50,215,OCALA,WEST PALM BEACH
PHL,OCF,43,64,837,OCALA,PHILADELPHIA
JAC,OGD,103,128,179,OGDEN,JACKSON
IDA,OGD,25,142,160,OGDEN,IDAHO FALLS
MCI,OGD,38,107,922,OGDEN,KANSAS CITY
MSP,OGD,70,78,983,OGDEN,MINNEAPOLIS
ORD,OGD,135,148,1246,OGDEN,CHICAGO
BIS,OGD,55,107,680,OGDEN,BISMARCK
STL,OGD,60,148,1158,OGDEN,ST. LOUIS
ABQ,OGD,0,50,516,OGDEN,ALBUQUERQUE
BMC,OGD,0,50,24,OGDEN,BRIGHAM CITY
SLN,OGD,0,50,779,OGDEN,SALINA
ATL,OGD,0,50,1596,OGDEN,ATLANTA
ELP,OGD,0,50,719,OGDEN,EL PASO
YIP,OGD,0,50,1468,OGDEN,DETROIT
SLC,OGD,0,50,28,OGDEN,SALT LAKE CITY
CVG,OGD,132,149,1450,OGDEN,CINCINNATI
BZN,HIF,101,149,324,OGDEN,BOZEMAN
EUG,OGD,166,173,605,OGDEN,EUGENE
DFW,OGD,113,128,1004,OGDEN,DALLAS
OMA,OGD,0,50,838,OGDEN,OMAHA
RNO,OGD,164,173,426,OGDEN,RENO
LRD,OGD,0,50,1180,OGDEN,LAREDO
LAX,OGD,122,149,611,OGDEN,LOS ANGELES
PDX,OGD,0,50,612,OGDEN,PORTLAND
COS,OGD,92,128,421,OGDEN,COLORADO SPRINGS
PHX,OGD,134,134,535,OGDEN,PHOENIX
ICT,OGD,0,50,816,OGDEN,WICHITA
BGR,HIF,324,940,2176,OGDEN,BANGOR
FCA,OGD,144,149,504,OGDEN,KALISPELL
MSO,HIF,119,128,414,OGDEN,MISSOULA
HLN,HIF,76,128,379,OGDEN,HELENA
CPR,OGD,41,50,309,OGDEN,CASPER
GRI,OGD,0,50,715,OGDEN,GRAND ISLAND
BRO,OGD,0,50,1345,OGDEN,BROWNSVILLE
GFK,OGD,0,50,866,OGDEN,GRAND FORKS
GTF,HIF,91,128,440,OGDEN,GREAT FALLS
OKC,OGD,0,50,878,OGDEN,OKLAHOMA CITY
RAP,OGD,50,50,497,OGDEN,RAPID CITY
SAN,HIF,122,128,646,OGDEN,SAN DIEGO
LSV,HIF,95,120,376,OGDEN,LAS VEGAS
JFK,HIF,165,214,1984,OGDEN,NEW YORK
CVS,HIF,81,120,663,OGDEN,CLOVIS
TUS,HIF,0,120,624,OGDEN,TUCSON
FSD,HIF,85,120,797,OGDEN,SIOUX FALLS
OAK,OGD,0,50,596,OGDEN,OAKLAND
LNK,OGD,0,50,796,OGDEN,LINCOLN
BFI,HIF,0,50,675,OGDEN,SEATTLE
IAH,HIF,132,141,1208,OGDEN,HOUSTON
PUB,OGD,0,50,447,OGDEN,PUEBLO
SCK,OGD,0,50,543,OGDEN,STOCKTON
SJC,OGD,0,50,593,OGDEN,SAN JOSE
IPL,OGD,0,50,609,OGDEN,EL CENTRO
GJT,OGD,17,30,234,OGDEN,GRAND JUNCTION
LBF,OGD,0,50,590,OGDEN,NORTH PLATTE
SGU,OGD,29,30,296,OGDEN,ST. GEORGE
SAT,OGD,69,70,1107,OGDEN,SAN ANTONIO
PAM,HIF,133,173,1661,OGDEN,PANAMA CITY
FAR,OGD,110,122,851,OGDEN,FARGO
FAT,OGD,102,122,515,OGDEN,FRESNO
SSC,HIF,111,172,1788,OGDEN,SUMTER
IAD,HIF,64,344,1825,OGDEN,WASHINGTON
MUO,HIF,52,120,240,OGDEN,MOUNTAIN HOME
EKO,OGD,10,30,199,OGDEN,ELKO
LAN,OGD,0,50,1410,OGDEN,LANSING
RFD,HIF,125,250,1183,OGDEN,ROCKFORD
TWF,HIF,0,120,160,OGDEN,TWIN FALLS
FFO,HIF,0,50,1468,OGDEN,DAYTON
LRU,OGD,28,50,676,OGDEN,LAS CRUCES
HMN,HIF,73,120,656,OGDEN,ALAMOGORDO
SFO,OGD,50,50,607,OGDEN,SAN FRANCISCO
TCM,HIF,0,120,666,OGDEN,TACOMA
BAD,HIF,71,120,1173,OGDEN,SHREVEPORT
IAH,OMA,267,432,781,OMAHA,HOUSTON
DTW,OMA,114,135,651,OMAHA,DETROIT
ORD,OMA,6562,10624,416,OMAHA,CHICAGO
ATL,OMA,4625,6634,821,OMAHA,ATLANTA
ICT,OMA,28,143,265,OMAHA,WICHITA
SEA,OMA,270,287,1367,OMAHA,SEATTLE
LGA,OMA,82,147,1148,OMAHA,NEW YORK
PHX,OMA,144,194,1037,OMAHA,PHOENIX
MEM,OMA,286,600,538,OMAHA,MEMPHIS
OAK,OMA,52,147,1422,OMAHA,OAKLAND
LNK,OMA,24,136,55,OMAHA,LINCOLN
DSM,OMA,35,143,117,OMAHA,DES MOINES
STL,OMA,766,1391,342,OMAHA,ST. LOUIS
SNA,OMA,19,194,1312,OMAHA,SANTA ANA
MKE,OMA,98,102,426,OMAHA,MILWAUKEE
SMF,OMA,131,147,1371,OMAHA,SACRAMENTO
SJC,OMA,138,146,1415,OMAHA,SAN JOSE
LAS,OMA,1252,3704,1099,OMAHA,LAS VEGAS
BWI,OMA,118,131,1025,OMAHA,BALTIMORE
CLE,OMA,335,438,729,OMAHA,CLEVELAND
MSP,OMA,1602,2900,282,OMAHA,MINNEAPOLIS
DCA,OMA,66,122,1012,OMAHA,WASHINGTON
MCI,OMA,242,1639,152,OMAHA,KANSAS CITY
LAX,OMA,158,287,1330,OMAHA,LOS ANGELES
ABQ,OMA,106,142,725,OMAHA,ALBUQUERQUE
SUX,OMA,19,140,80,OMAHA,SIOUX CITY
CID,OMA,33,286,221,OMAHA,CEDAR RAPIDS
SLC,OMA,44,148,839,OMAHA,SALT LAKE CITY
OKC,OMA,60,142,418,OMAHA,OKLAHOMA CITY
SFO,OMA,134,147,1433,OMAHA,SAN FRANCISCO
PHL,OMA,99,149,1088,OMAHA,PHILADELPHIA
TUS,OMA,64,146,1046,OMAHA,TUCSON
TUL,OMA,30,153,352,OMAHA,TULSA
BOS,OMA,249,287,1282,OMAHA,BOSTON
MIA,MIQ,0,50,1394,OMAHA,MIAMI
DFW,OMA,4118,9088,583,OMAHA,DALLAS
EWR,OMA,127,146,1134,OMAHA,NEWARK
EKO,OMA,114,119,1037,OMAHA,ELKO
AUS,OMA,2,142,765,OMAHA,AUSTIN
PIT,OMA,2584,5768,821,OMAHA,PITTSBURGH
BNA,OMA,0,50,612,OMAHA,NASHVILLE
SAN,OMA,116,128,1313,OMAHA,SAN DIEGO
LBB,OMA,0,142,619,OMAHA,LUBBOCK
COS,OMA,127,128,498,OMAHA,COLORADO SPRINGS
PDX,OMA,16,146,1369,OMAHA,PORTLAND
RIC,OMA,90,128,1026,OMAHA,RICHMOND
IND,OMA,1107,2987,517,OMAHA,INDIANAPOLIS
SGF,OMA,66,122,311,OMAHA,SPRINGFIELD
FSD,OMA,4,107,163,OMAHA,SIOUX FALLS
TWF,OMA,33,107,960,OMAHA,TWIN FALLS
BMI,OMA,38,50,369,OMAHA,BLOOMINGTON
LIT,OMA,0,100,495,OMAHA,LITTLE ROCK
PIA,OMA,1,97,327,OMAHA,PEORIA
MCO,OMA,68,188,1210,OMAHA,ORLANDO
BIS,OMA,91,122,449,OMAHA,BISMARCK
AMA,OMA,110,142,525,OMAHA,AMARILLO
MOT,OMA,80,100,548,OMAHA,MINOT
FAR,OMA,69,122,390,OMAHA,FARGO
HUF,OMA,35,50,470,OMAHA,TERRE HAUTE
CMH,OMA,31,188,689,OMAHA,COLUMBUS
HNL,OMA,387,388,3831,OMAHA,HONOLULU
RST,OMA,94,100,250,OMAHA,ROCHESTER
MSY,OMA,100,100,841,OMAHA,NEW ORLEANS
DAY,OMA,7,78,621,OMAHA,DAYTON
GYY,OMA,115,124,440,OMAHA,GARY
RNO,OMA,83,100,1262,OMAHA,RENO
PNS,OMA,147,151,891,OMAHA,PENSACOLA
CVG,OMA,78,145,614,OMAHA,CINCINNATI
BDL,OMA,108,108,1199,OMAHA,HARTFORD
TYS,OMA,36,107,747,OMAHA,KNOXVILLE
CAK,OMA,120,124,754,OMAHA,AKRON
FOD,OMA,88,124,123,OMAHA,FORT DODGE
RFD,OMA,118,124,357,OMAHA,ROCKFORD
AZO,OMA,124,124,538,OMAHA,KALAMAZOO
CMI,OMA,121,124,409,OMAHA,CHAMPAIGN
RDU,OMA,38,100,997,OMAHA,RALEIGH
MSO,OMA,0,50,982,OMAHA,MISSOULA
MSN,OMA,115,124,359,OMAHA,MADISON
OGD,OMA,0,50,838,OMAHA,OGDEN
SBN,OMA,78,124,497,OMAHA,SOUTH BEND
AGS,OMA,20,107,940,OMAHA,AUGUSTA
PVD,OMA,66,122,1265,OMAHA,PROVIDENCE
FWA,OMA,122,124,559,OMAHA,FORT WAYNE
GRB,OMA,105,124,451,OMAHA,GREEN BAY
CWA,OMA,102,124,396,OMAHA,WAUSAU
MAF,OMA,74,103,734,OMAHA,MIDLAND
BFF,OMA,121,124,401,OMAHA,SCOTTSBLUFF
SAT,OMA,0,50,824,OMAHA,SAN ANTONIO
LRD,OMA,0,50,970,OMAHA,LAREDO
EVV,OMA,101,124,499,OMAHA,EVANSVILLE
CLT,OMA,0,50,914,OMAHA,CHARLOTTE
BIL,OMA,0,50,706,OMAHA,BILLINGS
TOL,OMA,97,256,628,OMAHA,TOLEDO
ALB,OMA,103,137,1138,OMAHA,ALBANY
TPA,OMA,101,148,1190,OMAHA,TAMPA
GNV,OMA,39,128,1106,OMAHA,GAINESVILLE
AEX,OMA,15,128,713,OMAHA,ALEXANDRIA
XNA,OMA,10,87,357,OMAHA,FAYETTEVILLE
BUF,OMA,136,137,887,OMAHA,BUFFALO
JAC,OMA,169,176,774,OMAHA,JACKSON
COU,OMA,0,50,260,OMAHA,COLUMBIA
LAN,OMA,43,50,590,OMAHA,LANSING
LBF,OMA,0,50,251,OMAHA,NORTH PLATTE
GRI,OMA,0,50,128,OMAHA,GRAND ISLAND
ILN,OMA,0,50,646,OMAHA,WILMINGTON
GFK,OMA,0,50,464,OMAHA,GRAND FORKS
GTF,OMA,0,50,875,OMAHA,GREAT FALLS
SAW,OMA,35,50,549,OMAHA,MARQUETTE
RAP,OMA,100,120,411,OMAHA,RAPID CITY
MDT,OMA,99,120,1005,OMAHA,HARRISBURG
ABE,OMA,106,122,1068,OMAHA,ALLENTOWN
AVL,OMA,99,120,829,OMAHA,ASHEVILLE
OGG,OMA,264,277,3771,OMAHA,KAHULUI
GEG,OMA,0,50,1151,OMAHA,SPOKANE
CLL,OMA,177,200,739,OMAHA,COLLEGE STATION
MYR,OMA,170,170,1067,OMAHA,MYRTLE BEACH
BMC,OMA,0,50,839,OMAHA,BRIGHAM CITY
ELP,OMA,0,50,875,OMAHA,EL PASO
RDD,OMA,101,120,1378,OMAHA,REDDING
MTJ,OMA,113,129,666,OMAHA,MONTROSE
BLI,OMA,116,122,1394,OMAHA,BELLINGHAM
BKX,OMA,64,874,212,OMAHA,BROOKINGS
GRR,OMA,0,50,544,OMAHA,GRAND RAPIDS
CHA,OMA,170,173,724,OMAHA,CHATTANOOGA
BTR,OMA,37,122,788,OMAHA,BATON ROUGE
ACY,OMA,84,122,1129,OMAHA,ATLANTIC CITY
FLL,OMA,42,137,1382,OMAHA,FORT LAUDERDALE
HON,OMA,14,95,243,OMAHA,HURON
AHN,OMA,45,50,854,OMAHA,ATHENS
FOE,OMA,0,130,163,OMAHA,TOPEKA
CPR,OMA,0,50,554,OMAHA,CASPER
MIE,OMA,0,50,555,OMAHA,MUNCIE
EUG,OMA,70,150,1398,OMAHA,EUGENE
FNT,OMA,35,100,634,OMAHA,FLINT
ACT,OMA,60,137,672,OMAHA,WACO
BGR,OFF,94,210,1390,OMAHA,BANGOR
GSP,OMA,0,50,865,OMAHA,GREENVILLE
DBQ,OMA,122,122,278,OMAHA,DUBUQUE
MBS,OMA,82,186,623,OMAHA,SAGINAW
GRK,OMA,199,346,714,OMAHA,KILLEEN
ANC,OMA,0,50,2615,OMAHA,ANCHORAGE
SAV,OMA,0,50,1030,OMAHA,SAVANNAH
ORH,OMA,38,50,1238,OMAHA,WORCESTER
MWH,OMA,100,120,1226,OMAHA,MOSES LAKE
EAR,OMA,0,50,167,OMAHA,KEARNEY
ROW,OMA,49,59,728,OMAHA,ROSWELL
PIR,OMA,0,50,308,OMAHA,PIERRE
YKM,OMA,76,137,1276,OMAHA,YAKIMA
ABR,OMA,0,50,313,OMAHA,ABERDEEN
ATW,OMA,0,50,427,OMAHA,APPLETON
OFK,OMA,0,50,93,OMAHA,NORFOLK
MHK,OFF,0,120,142,OMAHA,MANHATTAN
ALO,OMA,29,50,200,OMAHA,WATERLOO
TLH,OMA,62,137,990,OMAHA,TALLAHASSEE
MWA,OMA,37,50,441,OMAHA,MARION
HSV,OMA,0,50,677,OMAHA,HUNTSVILLE
LRU,OMA,100,100,870,OMAHA,LAS CRUCES
ROA,OMA,135,173,894,OMAHA,ROANOKE
CYS,OMA,0,50,465,OMAHA,CHEYENNE
CHO,OMA,28,50,953,OMAHA,CHARLOTTESVILLE
JAX,OMA,137,137,1089,OMAHA,JACKSONVILLE
LAF,OMA,128,174,473,OMAHA,LAFAYETTE
HOT,OMA,0,50,495,OMAHA,HOT SPRINGS
PIB,OMA,81,122,770,OMAHA,HATTIESBURG
DLH,OMA,27,50,424,OMAHA,DULUTH
BHM,OMA,0,50,732,OMAHA,BIRMINGHAM
LEX,OMA,40,50,642,OMAHA,LEXINGTON
YIP,PHT,0,50,483,PARIS,DETROIT
SLC,PUC,0,1,104,PRICE,SALT LAKE CITY
CDC,PUC,0,9,183,PRICE,CEDAR CITY
SLN,PUC,0,50,705,PRICE,SALINA
SAN,PVU,106,136,599,PROVO,SAN DIEGO
LAS,PVU,109,136,341,PROVO,LAS VEGAS
ABQ,PVU,133,136,454,PROVO,ALBUQUERQUE
OAK,PVU,113,136,590,PROVO,OAKLAND
CYS,PVU,106,136,369,PROVO,CHEYENNE
COS,PVU,87,136,387,PROVO,COLORADO SPRINGS
SLC,PVU,0,173,41,PROVO,SALT LAKE CITY
SJC,PVU,0,50,585,PROVO,SAN JOSE
ATL,PVU,127,173,1571,PROVO,ATLANTA
AUS,PVU,45,128,1045,PROVO,AUSTIN
SBN,PVU,100,106,1328,PROVO,SOUTH BEND
IDA,PVU,0,50,228,PROVO,IDAHO FALLS
MSP,PVU,44,69,995,PROVO,MINNEAPOLIS
LAX,PVU,12,18,569,PROVO,LOS ANGELES
CID,PVU,0,173,1050,PROVO,CEDAR RAPIDS
PIH,PVU,0,50,191,PROVO,POCATELLO
LAR,PVU,71,132,326,PROVO,LARAMIE
SFO,PVU,107,148,601,PROVO,SAN FRANCISCO
SNA,PVU,64,70,565,PROVO,SANTA ANA
BOS,PVU,138,173,2104,PROVO,BOSTON
OKC,PVU,67,70,840,PROVO,OKLAHOMA CITY
PHX,PVU,133,137,468,PROVO,PHOENIX
SAT,PVU,71,122,1051,PROVO,SAN ANTONIO
IAD,PVU,104,150,1820,PROVO,WASHINGTON
IND,PVU,0,70,1346,PROVO,INDIANAPOLIS
LRD,PVU,69,72,1117,PROVO,LAREDO
CLE,PVU,51,70,1561,PROVO,CLEVELAND
LEX,PVU,4,8,1459,PROVO,LEXINGTON
CVG,PVU,149,150,1440,PROVO,CINCINNATI
CDC,PVU,17,30,189,PROVO,CEDAR CITY
SGU,PVU,21,30,238,PROVO,ST. GEORGE
TUL,PVU,31,50,904,PROVO,TULSA
ELP,PVU,6,8,652,PROVO,EL PASO
STL,PVU,68,137,1144,PROVO,ST. LOUIS
SGF,PVU,43,50,1010,PROVO,SPRINGFIELD
ORD,PVU,140,150,1245,PROVO,CHICAGO
SEA,PVU,128,136,726,PROVO,SEATTLE
MSY,PVU,120,150,1400,PROVO,NEW ORLEANS
MCI,PVU,41,50,907,PROVO,KANSAS CITY
FCA,PVU,2,8,573,PROVO,KALISPELL
DAL,PVU,121,150,969,PROVO,DALLAS
PIA,PVU,29,50,1159,PROVO,PEORIA
PHL,PVU,84,137,1920,PROVO,PHILADELPHIA
PDX,SLE,415,810,51,SALEM,PORTLAND
EAT,SLE,5,18,218,SALEM,WENATCHEE
EUG,SLE,4,18,56,SALEM,EUGENE
EKO,SLE,106,119,462,SALEM,ELKO
SEA,SLE,12,37,178,SALEM,SEATTLE
GEG,SLE,11,37,322,SALEM,SPOKANE
RDD,SLE,34,126,306,SALEM,REDDING
MFR,SLE,9,18,175,SALEM,MEDFORD
LMT,SLE,232,414,200,SALEM,KLAMATH FALLS
RDM,SLE,6,18,102,SALEM,BEND
YKM,SLE,18,37,165,SALEM,YAKIMA
PUW,SLE,14,18,312,SALEM,PULLMAN
RBG,SLE,0,50,117,SALEM,ROSEBURG
CVO,SLE,0,50,32,SALEM,ALBANY
SLC,SLE,1820,2750,628,SALEM,SALT LAKE CITY
SAF,SLE,14,50,1097,SALEM,SANTA FE
SLE,SLE,0,50,0,SALEM,SALEM
TUL,SEM,0,50,574,SELMA,TULSA
RDU,TPA,10043,13500,587,TAMPA,RALEIGH
CAE,TPA,290,297,419,TAMPA,COLUMBIA
CMH,TPA,56,141,829,TAMPA,COLUMBUS
SEA,TPA,209,234,2520,TAMPA,SEATTLE
MCO,TPA,1968,8288,80,TAMPA,ORLANDO
MEM,TPA,99,100,656,TAMPA,MEMPHIS
LGA,TPA,556,930,1011,TAMPA,NEW YORK
BDL,TPA,148,148,1111,TAMPA,HARTFORD
EWR,TPA,2416,4608,998,TAMPA,NEWARK
DAY,TPA,2426,2860,828,TAMPA,DAYTON
DFW,TPA,108,142,929,TAMPA,DALLAS
MIA,TPA,126,145,204,TAMPA,MIAMI
BOS,TPA,3932,5610,1185,TAMPA,BOSTON
ALB,TPA,34,110,1130,TAMPA,ALBANY
BGR,TPA,228,257,1385,TAMPA,BANGOR
ATL,TPA,3921,6027,406,TAMPA,ATLANTA
ORD,TPA,9416,13524,1012,TAMPA,CHICAGO
IAH,TPA,0,282,787,TAMPA,HOUSTON
DTW,TPA,61,118,983,TAMPA,DETROIT
MSP,TPA,4222,8468,1307,TAMPA,MINNEAPOLIS
TLH,TPA,1937,2860,200,TAMPA,TALLAHASSEE
MSY,TPA,121,149,487,TAMPA,NEW ORLEANS
IND,TPA,138,146,838,TAMPA,INDIANAPOLIS
GRR,TPA,19,110,1041,TAMPA,GRAND RAPIDS
IAD,TPA,3427,8829,810,TAMPA,WASHINGTON
LAX,TPA,6126,7680,2158,TAMPA,LOS ANGELES
MCI,TPA,1108,3190,1048,TAMPA,KANSAS CITY
ABQ,TPA,83,128,1497,TAMPA,ALBUQUERQUE
GNV,TPA,86,102,119,TAMPA,GAINESVILLE
SBN,TPA,65,220,970,TAMPA,SOUTH BEND
TYS,TPA,8,148,547,TAMPA,KNOXVILLE
BWI,TPA,2750,3300,842,TAMPA,BALTIMORE
CLT,TPA,28,68,508,TAMPA,CHARLOTTE
CLE,TPA,1478,3348,927,TAMPA,CLEVELAND
SYR,TPA,2727,3190,1104,TAMPA,SYRACUSE
SAV,TPA,61,109,297,TAMPA,SAVANNAH
RIC,TPA,91,108,723,TAMPA,RICHMOND
AVP,TPA,1,151,999,TAMPA,SCRANTON
GSO,TPA,70,128,580,TAMPA,GREENSBORO
PIT,TPA,1985,3193,873,TAMPA,PITTSBURGH
GSP,TPA,91,100,478,TAMPA,GREENVILLE
CVG,TPA,7637,12136,773,TAMPA,CINCINNATI
BHM,TPA,3,142,460,TAMPA,BIRMINGHAM
CHS,TPA,48,110,371,TAMPA,CHARLESTON
MGM,TPA,66,146,377,TAMPA,MONTGOMERY
PVD,TPA,8,128,1137,TAMPA,PROVIDENCE
STL,TPA,5569,8906,869,TAMPA,ST. LOUIS
MKE,TPA,22,146,1075,TAMPA,MILWAUKEE
PNS,TPA,2254,5477,330,TAMPA,PENSACOLA
BNA,TPA,10008,13500,612,TAMPA,NASHVILLE
ROC,TPA,27,150,1079,TAMPA,ROCHESTER
FLL,TPA,3785,8909,197,TAMPA,FORT LAUDERDALE
PBI,TPA,710,3179,174,TAMPA,WEST PALM BEACH
JAX,TPA,1211,2093,181,TAMPA,JACKSONVILLE
PHL,TPA,3297,4371,920,TAMPA,PHILADELPHIA
SLC,TPA,37,187,1887,TAMPA,SALT LAKE CITY
OKC,TPA,0,118,1023,TAMPA,OKLAHOMA CITY
ACY,TPA,113,125,914,TAMPA,ATLANTIC CITY
BUF,TPA,2,109,1054,TAMPA,BUFFALO
OMA,TPA,78,146,1190,TAMPA,OMAHA
FAR,TPA,6,146,1519,TAMPA,FARGO
TUL,TPA,126,151,965,TAMPA,TULSA
BTR,TPA,1,118,549,TAMPA,BATON ROUGE
CMI,TPA,4,110,894,TAMPA,CHAMPAIGN
LAS,TPA,4461,5681,1984,TAMPA,LAS VEGAS
PHX,TPA,110,143,1788,TAMPA,PHOENIX
ROA,TPA,0,68,661,TAMPA,ROANOKE
SFO,TPA,176,188,2392,TAMPA,SAN FRANCISCO
ATW,TPA,63,168,1171,TAMPA,APPLETON
ICT,TPA,69,151,1091,TAMPA,WICHITA
JAN,TPA,30,148,541,TAMPA,JACKSON
MHT,TPA,50,128,1204,TAMPA,MANCHESTER
APF,TPA,1565,3705,134,TAMPA,NAPLES
SHV,TPA,12,30,742,TAMPA,SHREVEPORT
PFN,TPA,650,2584,245,TAMPA,PANAMA CITY
EYW,TPA,2318,3420,240,TAMPA,KEY WEST
TPA,TPA,0,19,0,TAMPA,TAMPA
AUS,TPA,0,142,930,TAMPA,AUSTIN
MTJ,TPA,979,1653,1631,TAMPA,MONTROSE
ABE,TPA,53,141,963,TAMPA,ALLENTOWN
LBB,TPA,56,137,1210,TAMPA,LUBBOCK
ILM,TPA,6,110,513,TAMPA,WILMINGTON
SAT,TPA,143,149,972,TAMPA,SAN ANTONIO
GPT,TPA,1623,3286,429,TAMPA,GULFPORT
HSV,TPA,113,119,523,TAMPA,HUNTSVILLE
AMA,TPA,133,137,1234,TAMPA,AMARILLO
AGS,TPA,47,119,373,TAMPA,AUGUSTA
BYH,TPA,0,50,701,TAMPA,BLYTHEVILLE
RFD,TPA,126,173,1048,TAMPA,ROCKFORD
CRP,TPA,19,137,915,TAMPA,CORPUS CHRISTI
EWN,TPA,0,50,587,TAMPA,NEW BERN
PUB,TPA,131,170,1453,TAMPA,PUEBLO
TOL,TPA,142,173,941,TAMPA,TOLEDO
TUS,TPA,121,137,1721,TAMPA,TUCSON
MDT,TPA,0,173,904,TAMPA,HARRISBURG
PIB,TPA,151,173,474,TAMPA,HATTIESBURG
AVL,TPA,45,50,514,TAMPA,ASHEVILLE
GRB,TPA,122,180,1180,TAMPA,GREEN BAY
MBS,TPA,4,56,1076,TAMPA,SAGINAW
MAF,TPA,116,137,1209,TAMPA,MIDLAND
CID,TPA,171,175,1090,TAMPA,CEDAR RAPIDS
TUP,TPA,0,173,569,TAMPA,TUPELO
CAK,TPA,303,468,894,TAMPA,AKRON
FNT,TPA,1207,1300,1036,TAMPA,FLINT
LEX,TPA,134,173,704,TAMPA,LEXINGTON
SAN,TPA,145,148,2087,TAMPA,SAN DIEGO
AEX,TPA,129,173,645,TAMPA,ALEXANDRIA
DSM,TPA,137,137,1127,TAMPA,DES MOINES
COS,TPA,97,150,1478,TAMPA,COLORADO SPRINGS
SJC,TPA,43,148,2367,TAMPA,SAN JOSE
PDX,TPA,3,132,2497,TAMPA,PORTLAND
LNK,TPA,81,120,1200,TAMPA,LINCOLN
OAK,TPA,52,148,2384,TAMPA,OAKLAND
LAN,TPA,132,192,1027,TAMPA,LANSING
MSN,TPA,164,175,1113,TAMPA,MADISON
BFM,TPA,0,50,381,TAMPA,MOBILE
SNA,TPA,45,183,2126,TAMPA,SANTA ANA
SCE,TPA,146,346,927,TAMPA,STATE COLLEGE
MEI,TPA,0,50,478,TAMPA,MERIDIAN
RNO,TPA,77,150,2267,TAMPA,RENO
GFK,TPA,57,62,1587,TAMPA,GRAND FORKS
VLD,TPA,0,173,199,TAMPA,VALDOSTA
SZL,MCF,53,173,983,TAMPA,WARRENSBURG
FOE,TPA,0,116,1069,TAMPA,TOPEKA
CKB,TPA,129,173,791,TAMPA,CLARKSBURG
RAP,MCF,87,173,1595,TAMPA,RAPID CITY
CHO,TPA,35,50,739,TAMPA,CHARLOTTESVILLE
TTN,TPA,39,74,956,TAMPA,TRENTON
YUM,MCF,143,173,1940,TAMPA,YUMA
BIF,MCF,74,120,1456,TAMPA,EL PASO
LIT,TPA,134,137,737,TAMPA,LITTLE ROCK
BWG,TPA,86,100,660,TAMPA,BOWLING GREEN
DLH,TPA,0,120,1403,TAMPA,DULUTH
ITO,TPA,11,18,4562,TAMPA,HILO
ACT,TPA,0,173,917,TAMPA,WACO
AHN,TPA,31,100,414,TAMPA,ATHENS
TCL,TPA,0,54,471,TAMPA,TUSCALOOSA
XNA,TPA,89,100,895,TAMPA,FAYETTEVILLE
ATL,TUL,1147,2940,674,TULSA,ATLANTA
ORD,TUL,937,2700,585,TULSA,CHICAGO
HOU,TUL,5203,8083,453,TULSA,HOUSTON
DTW,TUL,42,100,790,TULSA,DETROIT
IND,TUL,0,118,578,TULSA,INDIANAPOLIS
MCI,TUL,4836,6987,223,TULSA,KANSAS CITY
LIT,TUL,768,3712,230,TULSA,LITTLE ROCK
LAX,TUL,112,204,1283,TULSA,LOS ANGELES
IAD,TUL,96,142,1028,TULSA,WASHINGTON
ABQ,TUL,142,142,608,TULSA,ALBUQUERQUE
SGF,TUL,131,214,157,TULSA,SPRINGFIELD
MSP,TUL,74,100,616,TULSA,MINNEAPOLIS
MSY,TUL,17,142,538,TULSA,NEW ORLEANS
OMA,TUL,37,94,352,TULSA,OMAHA
AUS,TUL,53,118,420,TULSA,AUSTIN
MIA,TUL,141,147,1168,TULSA,MIAMI
BOS,TUL,65,150,1394,TULSA,BOSTON
TUS,TUL,124,146,906,TULSA,TUCSON
DFW,TUL,9486,13350,237,TULSA,DALLAS
EWR,TUL,189,204,1215,TULSA,NEWARK
PIT,TUL,92,141,899,TULSA,PITTSBURGH
CVG,TUL,0,142,646,TULSA,CINCINNATI
DSM,TUL,98,118,387,TULSA,DES MOINES
BHM,TUL,112,142,549,TULSA,BIRMINGHAM
STL,TUL,89,284,351,TULSA,ST. LOUIS
BNA,TUL,121,122,515,TULSA,NASHVILLE
SLC,TUL,1423,3317,926,TULSA,SALT LAKE CITY
OKC,TUL,2299,6420,111,TULSA,OKLAHOMA CITY
JAX,TUL,49,118,909,TULSA,JACKSONVILLE
PHL,TUL,92,142,1151,TULSA,PHILADELPHIA
SAV,TUL,96,150,886,TULSA,SAVANNAH
RIC,TUL,119,142,1031,TULSA,RICHMOND
CLE,TUL,93,142,837,TULSA,CLEVELAND
BWI,TUL,131,150,1071,TULSA,BALTIMORE
CLT,TUL,137,150,843,TULSA,CHARLOTTE
PHX,TUL,1103,1233,935,TULSA,PHOENIX
MEM,TUL,98,107,342,TULSA,MEMPHIS
LGA,TUL,223,290,1231,TULSA,NEW YORK
HNL,TUL,67,292,3836,TULSA,HONOLULU
BDL,TUL,107,142,1305,TULSA,HARTFORD
ICT,TUL,73,108,132,TULSA,WICHITA
SEA,TUL,103,290,1558,TULSA,SEATTLE
CMH,TUL,61,142,755,TULSA,COLUMBUS
AMA,TUL,114,122,335,TULSA,AMARILLO
CYS,TUL,99,108,591,TULSA,CHEYENNE
MCO,TUL,135,146,1005,TULSA,ORLANDO
TPA,TUL,117,118,965,TULSA,TAMPA
EKO,TUL,119,119,1122,TULSA,ELKO
SAT,TUL,61,142,483,TULSA,SAN ANTONIO
SAN,TUL,142,142,1236,TULSA,SAN DIEGO
CRP,TUL,54,107,588,TULSA,CORPUS CHRISTI
RDU,TUL,132,142,957,TULSA,RALEIGH
OAK,TUL,29,142,1456,TULSA,OAKLAND
SNA,TUL,194,194,1257,TULSA,SANTA ANA
SHV,TUL,150,150,284,TULSA,SHREVEPORT
SJC,TUL,77,142,1442,TULSA,SAN JOSE
PDX,TUL,55,142,1532,TULSA,PORTLAND
LAS,TUL,116,137,1076,TULSA,LAS VEGAS
SPS,TUL,36,142,212,TULSA,WICHITA FALLS
SFO,TUL,93,108,1465,TULSA,SAN FRANCISCO
FLL,TUL,142,149,1162,TULSA,FORT LAUDERDALE
DAY,TUL,88,142,685,TULSA,DAYTON
MKE,TUL,87,97,631,TULSA,MILWAUKEE
MDH,TUL,25,50,383,TULSA,CARBONDALE
CHS,TUL,68,147,931,TULSA,CHARLESTON
GSO,TUL,0,105,891,TULSA,GREENSBORO
LBB,TUL,116,122,379,TULSA,LUBBOCK
BGR,TUL,0,50,1535,TULSA,BANGOR
LEX,TUL,7,148,636,TULSA,LEXINGTON
COS,TUL,16,107,517,TULSA,COLORADO SPRINGS
RNO,TUL,65,150,1322,TULSA,RENO
GNV,TUL,0,107,908,TULSA,GAINESVILLE
FYV,TUL,32,34,97,TULSA,FAYETTEVILLE
ELP,TUL,0,50,673,TULSA,EL PASO
SMF,TUL,37,140,1419,TULSA,SACRAMENTO
GJT,TUL,116,124,720,TULSA,GRAND JUNCTION
JAN,TUL,141,183,427,TULSA,JACKSON
MTJ,TUL,126,126,679,TULSA,MONTROSE
YUM,TUL,0,50,1095,TULSA,YUMA
LRD,TUL,0,50,632,TULSA,LAREDO
MAF,TUL,102,103,466,TULSA,MIDLAND
AID,TUL,0,50,621,TULSA,ANDERSON
FSM,TUL,0,50,104,TULSA,FORT SMITH
GRK,TUL,0,50,371,TULSA,KILLEEN
GRR,TUL,47,50,720,TULSA,GRAND RAPIDS
TLH,TUL,107,142,777,TULSA,TALLAHASSEE
GCK,TUL,43,122,293,TULSA,GARDEN CITY
BRO,TUL,170,175,715,TULSA,BROWNSVILLE
GYY,TUL,0,50,590,TULSA,GARY
PVD,TUL,103,137,1366,TULSA,PROVIDENCE
FWA,TUL,27,50,666,TULSA,FORT WAYNE
RFD,TUL,0,50,551,TULSA,ROCKFORD
TYS,TUL,0,50,667,TULSA,KNOXVILLE
BUF,TUL,0,50,1025,TULSA,BUFFALO
DRT,TUL,0,50,558,TULSA,DEL RIO
TCL,TUL,0,50,514,TULSA,TUSCALOOSA
ILN,TUL,0,50,695,TULSA,WILMINGTON
SWO,TUL,0,173,67,TULSA,STILLWATER
SYR,TUL,0,50,1154,TULSA,SYRACUSE
MHT,TUL,0,50,1380,TULSA,MANCHESTER
GEG,TUL,0,50,1359,TULSA,SPOKANE
MOB,TUL,84,173,582,TULSA,MOBILE
FAT,TUL,108,173,1324,TULSA,FRESNO
MLU,TUL,99,173,336,TULSA,MONROE
ACT,TUL,105,173,325,TULSA,WACO
TUL,TUL,0,50,0,TULSA,TULSA
FNT,TUL,0,50,798,TULSA,FLINT
TOL,TUL,0,50,749,TULSA,TOLEDO
FOE,TUL,0,50,190,TULSA,TOPEKA
DLH,TUL,0,50,759,TULSA,DULUTH
CID,TUL,37,44,452,TULSA,CEDAR RAPIDS
GTF,TUL,0,50,1112,TULSA,GREAT FALLS
ROW,TUL,0,355,530,TULSA,ROSWELL
LNK,TUL,152,173,324,TULSA,LINCOLN
YNG,TUL,0,50,892,TULSA,YOUNGSTOWN
GFK,TUL,0,50,814,TULSA,GRAND FORKS
FSD,TUL,0,50,511,TULSA,SIOUX FALLS
MCN,TUL,0,122,739,TULSA,MACON
CPR,TUL,0,50,729,TULSA,CASPER
MNN,TUL,0,50,759,TULSA,MARION
RIV,TUL,0,50,1220,TULSA,RIVERSIDE
MGM,TUL,47,50,606,TULSA,MONTGOMERY
EVV,TUL,0,50,478,TULSA,EVANSVILLE
CLL,TUL,50,50,387,TULSA,COLLEGE STATION
OSH,TUL,0,50,662,TULSA,OSHKOSH
OLS,TUL,0,50,920,TULSA,NOGALES
GPT,TUL,300,340,561,TULSA,GULFPORT
COU,TUL,126,170,271,TULSA,COLUMBIA
PUW,TUL,34,54,1313,TULSA,PULLMAN
BIL,TUL,0,50,934,TULSA,BILLINGS
ISO,TUL,129,132,1027,TULSA,KINSTON
PIA,TUL,33,44,456,TULSA,PEORIA
PIB,TUL,135,173,498,TULSA,HATTIESBURG
LFT,TUL,0,50,471,TULSA,LAFAYETTE
GRB,TUL,0,50,703,TULSA,GREEN BAY
PBI,TUL,0,173,1138,TULSA,WEST PALM BEACH
ATW,TUL,0,50,678,TULSA,APPLETON
MSN,TUL,46,50,593,TULSA,MADISON
DHN,TUL,0,173,688,TULSA,DOTHAN
HSV,TUL,128,136,525,TULSA,HUNTSVILLE
ANC,TUL,0,50,2893,TULSA,ANCHORAGE
CMI,TUL,38,50,492,TULSA,CHAMPAIGN
ANB,TUL,0,124,597,TULSA,ANNISTON
CHA,TUL,32,50,607,TULSA,CHATTANOOGA
CAK,TUL,168,173,846,TULSA,AKRON
MDT,TUL,60,70,1075,TULSA,HARRISBURG
CKB,TUL,34,50,883,TULSA,CLARKSBURG
BTV,TUL,0,50,1323,TULSA,BURLINGTON
BQK,TUL,0,50,896,TULSA,BRUNSWICK
LAW,TUL,42,50,181,TULSA,LAWTON
BTR,TUL,42,50,477,TULSA,BATON ROUGE
MHK,TUL,50,50,208,TULSA,MANHATTAN
GSP,TUL,36,50,775,TULSA,GREENVILLE
LCH,TUL,29,50,446,TULSA,LAKE CHARLES
FDY,TUL,0,50,739,TULSA,FINDLAY
DFW,TYR,1524,2112,103,TYLER,DALLAS
GGG,TYR,362,1182,40,TYLER,LONGVIEW
BPT,TYR,2,30,185,TYLER,BEAUMONT
SHV,TYR,31,34,92,TYLER,SHREVEPORT
FYV,TYR,27,34,261,TYLER,FAYETTEVILLE
SGF,TYR,29,46,356,TYLER,SPRINGFIELD
LFT,TYR,29,30,250,TYLER,LAFAYETTE
MLU,TYR,22,38,197,TYLER,MONROE
CLL,TYR,17,19,134,TYLER,COLLEGE STATION
LCH,TYR,11,34,200,TYLER,LAKE CHARLES
ESF,TYR,29,30,194,TYLER,ALEXANDRIA
FSM,TYR,18,30,214,TYLER,FORT SMITH
JAN,TYR,34,34,311,TYLER,JACKSON
CRP,TYR,10,30,340,TYLER,CORPUS CHRISTI
ACT,TYR,4,15,119,TYLER,WACO
ICT,TYR,13,64,383,TYLER,WICHITA
ILE,TYR,5,34,161,TYLER,KILLEEN
IAH,TYR,927,2490,163,TYLER,HOUSTON
LIT,TYR,0,48,246,TYLER,LITTLE ROCK
TUL,TYR,20,34,266,TYLER,TULSA
MEM,TYR,36,64,363,TYLER,MEMPHIS
BTR,TYR,12,34,281,TYLER,BATON ROUGE
TYS,TYR,46,50,696,TYLER,KNOXVILLE
MAF,TYR,28,34,400,TYLER,MIDLAND
LBB,TYR,42,50,384,TYLER,LUBBOCK
SAV,TYR,42,50,831,TYLER,SAVANNAH
STL,TYR,38,50,524,TYLER,ST. LOUIS
LRD,TYR,28,34,411,TYLER,LAREDO
CAE,TYR,43,50,834,TYLER,COLUMBIA
LAW,TYR,6,34,232,TYLER,LAWTON
CID,TYR,44,50,688,TYLER,CEDAR RAPIDS
CHA,TYR,0,50,615,TYLER,CHATTANOOGA
CSG,TYR,30,50,611,TYLER,COLUMBUS
GSP,TYR,47,50,780,TYLER,GREENVILLE
GSO,TYR,40,44,920,TYLER,GREENSBORO
CLE,TYR,68,70,974,TYLER,CLEVELAND
ABI,TYR,20,30,250,TYLER,ABILENE
HSV,TYR,40,44,522,TYLER,HUNTSVILLE
FWA,TYR,39,44,821,TYLER,FORT WAYNE
PNS,TYR,44,44,502,TYLER,PENSACOLA
SJT,TYR,17,30,307,TYLER,SAN ANGELO
AMA,TYR,31,44,414,TYLER,AMARILLO
MSN,TYR,46,50,814,TYLER,MADISON
RST,TYR,10,44,812,TYLER,ROCHESTER
CVG,TYR,40,50,759,TYLER,CINCINNATI
MOB,TYR,40,50,438,TYLER,MOBILE
AUS,TYR,3,50,201,TYLER,AUSTIN
RDU,TYR,36,44,982,TYLER,RALEIGH
GPT,TYR,34,50,397,TYLER,GULFPORT
DSM,TYR,35,50,640,TYLER,DES MOINES
CHS,TYR,39,50,896,TYLER,CHARLESTON
LEX,TYR,42,44,725,TYLER,LEXINGTON
PIT,TYR,68,70,1012,TYLER,PITTSBURGH
MCI,TYR,37,50,480,TYLER,KANSAS CITY
GRR,TYR,46,50,904,TYLER,GRAND RAPIDS
EVV,TYR,32,50,593,TYLER,EVANSVILLE
MKE,TYR,35,50,838,TYLER,MILWAUKEE
SPS,TYR,27,34,212,TYLER,WICHITA FALLS
MDT,TYR,46,70,1169,TYLER,HARRISBURG
DRT,TYR,0,34,391,TYLER,DEL RIO
TLH,TYR,10,50,666,TYLER,TALLAHASSEE
GEG,TYR,108,137,1567,TYLER,SPOKANE
MGM,TYR,48,50,527,TYLER,MONTGOMERY
SMF,UKI,0,50,92,UKIAH,SACRAMENTO
EKA,UKI,0,50,126,UKIAH,EUREKA
CEC,UKI,0,50,191,UKIAH,CRESCENT CITY
OAK,UKI,0,50,111,UKIAH,OAKLAND
RDD,UKI,0,50,107,UKIAH,REDDING
STS,UKI,0,50,47,UKIAH,SANTA ROSA
CIC,UKI,0,50,85,UKIAH,CHICO
SYR,UCA,20,68,37,UTICA,SYRACUSE
BWI,UCA,1734,3761,282,UTICA,BALTIMORE
CLE,UCA,25,68,352,UTICA,CLEVELAND
ROA,UCA,0,63,469,UTICA,ROANOKE
ALB,UCA,42,68,84,UTICA,ALBANY
PIT,UCA,747,2010,310,UTICA,PITTSBURGH
RIC,UCA,0,68,402,UTICA,RICHMOND
EWR,UCA,0,149,180,UTICA,NEWARK
ERI,UCA,0,115,255,UTICA,ERIE
ACY,UCA,83,244,258,UTICA,ATLANTIC CITY
CVG,UCA,44,148,561,UTICA,CINCINNATI
ROC,UCA,0,122,116,UTICA,ROCHESTER
PVD,UCA,0,122,224,UTICA,PROVIDENCE
ATL,UCA,0,148,818,UTICA,ATLANTA
CHS,UCA,0,122,750,UTICA,CHARLESTON
BUF,UCA,0,122,170,UTICA,BUFFALO
MDW,UCA,53,148,639,UTICA,CHICAGO
SAV,UCA,0,122,823,UTICA,SAVANNAH
YNG,UCA,0,122,301,UTICA,YOUNGSTOWN
IND,UCA,0,122,613,UTICA,INDIANAPOLIS
ATL,ABY,3611,7080,146,ALBANY,ATLANTA
GNV,ABY,26,30,171,ALBANY,GAINESVILLE
VLD,ABY,13,30,75,ALBANY,VALDOSTA
DHN,ABY,12,30,75,ALBANY,DOTHAN
MCN,ABY,21,30,86,ALBANY,MACON
ILM,ABY,12,30,411,ALBANY,WILMINGTON
FAY,ABY,15,30,389,ALBANY,FAYETTEVILLE
TLH,ABY,27,30,79,ALBANY,TALLAHASSEE
MYR,ABY,11,30,341,ALBANY,MYRTLE BEACH
MEI,ABY,29,30,273,ALBANY,MERIDIAN
PFN,ABY,24,66,127,ALBANY,PANAMA CITY
BQK,ABY,16,30,162,ALBANY,BRUNSWICK
CSG,ABY,34,66,81,ALBANY,COLUMBUS
BFM,ABY,0,50,238,ALBANY,MOBILE
CAE,ABY,0,50,244,ALBANY,COLUMBIA
PHL,ABY,0,50,763,ALBANY,PHILADELPHIA
JAX,ABY,0,50,165,ALBANY,JACKSONVILLE
MIA,ABY,0,50,461,ALBANY,MIAMI
YIP,ABY,0,50,739,ALBANY,DETROIT
MCO,ABY,0,50,274,ALBANY,ORLANDO
CLT,ABY,30,37,316,ALBANY,CHARLOTTE
LIT,ABY,90,117,515,ALBANY,LITTLE ROCK
EVV,ABY,0,50,487,ALBANY,EVANSVILLE
LUK,ABY,0,50,522,ALBANY,CINCINNATI
TYS,ABY,0,50,295,ALBANY,KNOXVILLE
AGS,ABY,57,66,182,ALBANY,AUGUSTA
BTR,ABY,40,100,418,ALBANY,BATON ROUGE
IND,ABY,0,50,577,ALBANY,INDIANAPOLIS
ISO,ABY,39,40,461,ALBANY,KINSTON
MEM,ABY,0,50,413,ALBANY,MEMPHIS
CHS,ABY,65,70,261,ALBANY,CHARLESTON
DAL,ABY,0,50,747,ALBANY,DALLAS
IAH,ABY,0,50,671,ALBANY,HOUSTON
GRK,ABY,36,50,807,ALBANY,KILLEEN
MLU,ABY,15,50,465,ALBANY,MONROE
APF,ABY,20,40,398,ALBANY,NAPLES
CID,ABY,1,8,826,ALBANY,CEDAR RAPIDS
BHM,ABY,0,50,205,ALBANY,BIRMINGHAM
RFD,ABY,0,50,783,ALBANY,ROCKFORD
LRD,ABY,0,50,959,ALBANY,LAREDO
JAN,ABY,0,50,350,ALBANY,JACKSON
MGM,ABY,0,50,139,ALBANY,MONTGOMERY
SUS,ABY,123,173,612,ALBANY,ST. LOUIS
PBI,ABY,0,50,416,ALBANY,WEST PALM BEACH
BDL,ALB,32,110,80,ALBANY,HARTFORD
JFK,ALB,54,150,145,ALBANY,NEW YORK
RDU,ALB,3943,6844,544,ALBANY,RALEIGH
PWM,ALB,1273,3848,187,ALBANY,PORTLAND
SYR,ALB,96,110,119,ALBANY,SYRACUSE
CLE,ALB,3274,4290,423,ALBANY,CLEVELAND
BWI,ALB,1168,2575,288,ALBANY,BALTIMORE
BUF,ALB,1433,3024,251,ALBANY,BUFFALO
ORD,ALB,4673,8379,723,ALBANY,CHICAGO
BTV,ALB,415,3300,124,ALBANY,BURLINGTON
PIT,ALB,53,110,367,ALBANY,PITTSBURGH
BGM,ALB,39,108,117,ALBANY,BINGHAMTON
PVD,ALB,0,142,141,ALBANY,PROVIDENCE
ROC,ALB,50,550,198,ALBANY,ROCHESTER
MKE,ALB,73,100,715,ALBANY,MILWAUKEE
EWR,ALB,15,110,143,ALBANY,NEWARK
DAY,ALB,0,50,576,ALBANY,DAYTON
BOS,ALB,0,148,145,ALBANY,BOSTON
DCA,ALB,102,108,318,ALBANY,WASHINGTON
MCI,ALB,0,142,1116,ALBANY,KANSAS CITY
MSP,ALB,129,146,979,ALBANY,MINNEAPOLIS
GRR,ALB,0,50,595,ALBANY,GRAND RAPIDS
ABE,ALB,14,118,167,ALBANY,ALLENTOWN
GSP,ALB,89,330,706,ALBANY,GREENVILLE
BDR,ALB,12,95,115,ALBANY,BRIDGEPORT
MHT,ALB,0,19,121,ALBANY,MANCHESTER
MDT,ALB,53,108,234,ALBANY,HARRISBURG
FNT,ALB,28,103,505,ALBANY,FLINT
TPA,ALB,143,146,1130,ALBANY,TAMPA
FLL,ALB,86,128,1204,ALBANY,FORT LAUDERDALE
RIC,ALB,15,103,407,ALBANY,RICHMOND
LAS,ALB,190,190,2237,ALBANY,LAS VEGAS
HVN,ALB,84,108,113,ALBANY,NEW HAVEN
GSO,ALB,22,128,564,ALBANY,GREENSBORO
MBS,ALB,33,109,522,ALBANY,SAGINAW
PHX,ALB,2,146,2159,ALBANY,PHOENIX
LAN,ALB,37,101,548,ALBANY,LANSING
BGR,ALB,16,46,287,ALBANY,BANGOR
AVP,ALB,32,107,139,ALBANY,SCRANTON
ITH,ALB,12,46,136,ALBANY,ITHACA
ORH,ALB,12,46,104,ALBANY,WORCESTER
BNA,ALB,90,139,825,ALBANY,NASHVILLE
SEA,ALB,118,128,2355,ALBANY,SEATTLE
ERI,ALB,0,50,329,ALBANY,ERIE
ELM,ALB,47,126,163,ALBANY,ELMIRA
LEX,ALB,17,100,655,ALBANY,LEXINGTON
SLC,ALB,65,128,1960,ALBANY,SALT LAKE CITY
OMA,ALB,262,274,1138,ALBANY,OMAHA
SAV,ALB,91,156,837,ALBANY,SAVANNAH
SGF,ALB,0,50,1103,ALBANY,SPRINGFIELD
LAX,ALB,107,138,2467,ALBANY,LOS ANGELES
AMA,ALB,120,137,1581,ALBANY,AMARILLO
RUT,ALB,0,50,69,ALBANY,RUTLAND
ALB,ALB,0,50,0,ALBANY,ALBANY
ACY,ALB,188,244,231,ALBANY,ATLANTIC CITY
SFO,ALB,169,182,2559,ALBANY,SAN FRANCISCO
MSY,ALB,119,120,1266,ALBANY,NEW ORLEANS
ALO,ALB,77,122,946,ALBANY,WATERLOO
OCF,ALB,0,50,1047,ALBANY,OCALA
RNO,ALB,123,161,2379,ALBANY,RENO
OGS,ALB,0,19,157,ALBANY,OGDENSBURG
OKC,ALB,63,173,1371,ALBANY,OKLAHOMA CITY
MSN,ALB,45,50,787,ALBANY,MADISON
SHD,ALB,50,50,409,ALBANY,STAUNTON
CMI,ALB,0,50,774,ALBANY,CHAMPAIGN
SNA,ALB,115,124,2449,ALBANY,SANTA ANA
JST,ALB,0,122,310,ALBANY,JOHNSTOWN
TVC,ALB,42,50,605,ALBANY,TRAVERSE CITY
CHO,ALB,49,50,401,ALBANY,CHARLOTTESVILLE
ROA,ALB,0,50,497,ALBANY,ROANOKE
UCA,ALB,0,122,84,ALBANY,UTICA
DSM,ALB,130,130,1021,ALBANY,DES MOINES
FWA,ALB,0,50,599,ALBANY,FORT WAYNE
COS,ALB,0,66,1634,ALBANY,COLORADO SPRINGS
RWI,ALB,0,50,523,ALBANY,ROCKY MOUNT
YNG,ALB,0,122,368,ALBANY,YOUNGSTOWN
RKD,ALB,0,19,254,ALBANY,ROCKLAND
CAK,ALB,90,173,414,ALBANY,AKRON
FAR,ALB,0,50,1162,ALBANY,FARGO
SHV,ALB,0,50,1303,ALBANY,SHREVEPORT
ART,ALB,58,437,141,ALBANY,WATERTOWN
SAN,ALB,144,184,2445,ALBANY,SAN DIEGO
MSO,ALB,120,170,1978,ALBANY,MISSOULA
PAH,ALB,0,50,885,ALBANY,PADUCAH
YKM,ALB,0,173,2284,ALBANY,YAKIMA
HGR,ALB,0,50,293,ALBANY,HAGERSTOWN
STC,ALB,37,122,1022,ALBANY,ST. CLOUD
AUO,ALB,3,7,944,ALBANY,AUBURN
AUS,ALB,6,137,1577,ALBANY,AUSTIN
TUL,ALB,46,50,1260,ALBANY,TULSA
PBG,ALB,0,50,133,ALBANY,PLATTSBURGH
TOL,ALB,0,50,519,ALBANY,TOLEDO
MFR,CVO,0,50,148,ALBANY,MEDFORD
EUG,CVO,0,50,26,ALBANY,EUGENE
RBG,CVO,0,50,87,ALBANY,ROSEBURG
RDM,CVO,0,50,107,ALBANY,BEND
LMT,CVO,0,50,179,ALBANY,KLAMATH FALLS
DTW,APN,994,1938,198,ALPENA,DETROIT
FNT,APN,0,50,146,ALPENA,FLINT
MBS,APN,32,34,110,ALPENA,SAGINAW
ERI,APN,33,34,268,ALPENA,ERIE
IMT,APN,0,50,227,ALPENA,IRON MOUNTAIN
DSM,APN,102,170,565,ALPENA,DES MOINES
BIF,APN,81,120,1529,ALPENA,EL PASO
MKG,APN,27,34,188,ALPENA,MUSKEGON
CHO,APN,6,34,547,ALPENA,CHARLOTTESVILLE
ROA,AHN,21,30,300,ATHENS,ROANOKE
GTR,AHN,39,50,305,ATHENS,COLUMBUS
CVG,AHN,0,100,359,ATHENS,CINCINNATI
LYH,AHN,1,19,329,ATHENS,LYNCHBURG
PIT,AHN,0,50,483,ATHENS,PITTSBURGH
CLT,AHN,670,1349,162,ATHENS,CHARLOTTE
TCL,AHN,25,50,252,ATHENS,TUSCALOOSA
GNV,AHN,40,50,300,ATHENS,GAINESVILLE
BTR,AHN,0,50,515,ATHENS,BATON ROUGE
CID,AHN,0,50,713,ATHENS,CEDAR RAPIDS
ATL,AHN,0,66,67,ATHENS,ATLANTA
PVD,AHN,0,50,842,ATHENS,PROVIDENCE
GSP,AHN,5,19,91,ATHENS,GREENVILLE
BNA,AHN,43,50,242,ATHENS,NASHVILLE
LEX,AHN,48,50,291,ATHENS,LEXINGTON
LIT,AHN,47,50,511,ATHENS,LITTLE ROCK
TYS,AHN,50,50,134,ATHENS,KNOXVILLE
XNA,AHN,39,50,642,ATHENS,FAYETTEVILLE
IND,AHN,0,50,431,ATHENS,INDIANAPOLIS
AVL,AHN,10,19,112,ATHENS,ASHEVILLE
RDU,AHN,0,50,290,ATHENS,RALEIGH
CAE,AHN,0,50,127,ATHENS,COLUMBIA
TUP,AHN,34,50,313,ATHENS,TUPELO
BUF,AHN,0,50,668,ATHENS,BUFFALO
CHO,AHN,0,50,397,ATHENS,CHARLOTTESVILLE
CMI,AHN,0,50,501,ATHENS,CHAMPAIGN
SAV,AHN,0,50,176,ATHENS,SAVANNAH
AND,AHN,0,50,52,ATHENS,ANDERSON
IAD,AHN,0,74,475,ATHENS,WASHINGTON
TLH,AHN,0,50,252,ATHENS,TALLAHASSEE
MSY,AHN,90,100,489,ATHENS,NEW ORLEANS
OKC,AHN,31,50,818,ATHENS,OKLAHOMA CITY
TUS,AHN,46,56,1603,ATHENS,TUCSON
MCN,AHN,11,180,88,ATHENS,MACON
RIC,AHN,27,50,417,ATHENS,RICHMOND
STL,AHN,25,50,513,ATHENS,ST. LOUIS
SHV,AHN,50,50,617,ATHENS,SHREVEPORT
TPA,AHN,24,50,414,ATHENS,TAMPA
MLU,AHN,0,50,514,ATHENS,MONROE
LNK,AHN,36,50,877,ATHENS,LINCOLN
MEM,MMI,0,50,0,ATHENS,MEMPHIS
MCI,MMI,0,50,620,ATHENS,KANSAS CITY
